SP_PNR,AIRLINE_PNR,BOOKING_DATE
CLQFYR,,2025-06-20 00:00:41
CLKXXF,,2025-06-20 00:01:19
CLQG4Z,HWRJBS,2025-06-20 00:02:33
CLQFZS,,2025-06-20 00:03:07
CLQG7V,9YDB64,2025-06-20 00:03:30
CLQGBG,9YEX8F,2025-06-20 00:04:19
CLQ78J,,2025-06-20 00:04:43
CLQGDB,143LFZ,2025-06-20 00:04:46
CLNM1Z,9WCPP3,2025-06-20 00:04:48
CLH7S2,NZ5MHJ,2025-06-20 00:05:04
CLN0C8,9VZSNY,2025-06-20 00:07:25
CLQGPN,9YFVAU,2025-06-20 00:07:31
CLQGSG,9YEUJ8,2025-06-20 00:08:26
CLQGTG,PSG58M,2025-06-20 00:08:48
CLQGTY,9YEIAX,2025-06-20 00:08:56
CLQGV3,143LG1,2025-06-20 00:09:01
CLQGX0,9YE88E,2025-06-20 00:09:27
CLQG90,,2025-06-20 00:09:32
CLQGJT,,2025-06-20 00:09:36
CLQGJT,,2025-06-20 00:10:34
CLQFX1,,2025-06-20 00:10:35
CLQH0G,PEVIQ2,2025-06-20 00:10:36
CLQH0P,9YGC3A,2025-06-20 00:10:40
CLQGTY,9YEIAX,2025-06-20 00:10:54
CLQH2G,PSG59X,2025-06-20 00:11:08
CLQG90,,2025-06-20 00:11:12
CLQH45,9YGLYR,2025-06-20 00:11:50
CLQH47,PSG6UN,2025-06-20 00:11:52
CLQC2P,,2025-06-20 00:11:56
CLQH5C,143LGD,2025-06-20 00:12:11
CLQH77,9YFM6B,2025-06-20 00:12:47
CLQH7C,9YFAFP,2025-06-20 00:12:49
CLQHCN,98GZHR,2025-06-20 00:14:09
CLQHD5,9YHFZI,2025-06-20 00:14:15
CLQH6R,9YGE92,2025-06-20 00:15:59
CLQHTP,9YI8CM,2025-06-20 00:18:42
CLQFKP,143LFB,2025-06-20 00:19:15
CLQHXK,9YHO97,2025-06-20 00:19:41
CLQHL3,,2025-06-20 00:19:43
CLQHZN,9YHIHU,2025-06-20 00:20:26
CLNM1Z,9WCPP3,2025-06-20 00:20:39
CLQHL3,,2025-06-20 00:20:48
CLQJ0K,9YHI85,2025-06-20 00:20:49
CLQJ4X,143LH0,2025-06-20 00:22:10
CLQJ88,143LH2,2025-06-20 00:23:13
CLQJ8G,9YJJW4,2025-06-20 00:23:25
CLQJ91,98GZJ1,2025-06-20 00:23:36
CLQJ09,,2025-06-20 00:23:59
CLQJHZ,9YJL5C,2025-06-20 00:25:30
CLPVH6,,2025-06-20 00:25:42
CLQJM3,9YIJHB,2025-06-20 00:26:17
CLQGJT,,2025-06-20 00:27:23
CLQJRD,9YI9CO,2025-06-20 00:27:42
CLQJTG,9YIQQR,2025-06-20 00:28:12
CLQJWL,9YJ7JH,2025-06-20 00:28:59
CLQJWR,PSG86N,2025-06-20 00:29:01
CLQJ9F,,2025-06-20 00:29:29
CLQJYM,9YIUW9,2025-06-20 00:29:39
CLQ1P1,CLQ1P1,2025-06-20 00:31:11
CLQCTF,,2025-06-20 00:32:13
CLQK7R,9YJIFT,2025-06-20 00:32:37
CLQJGR,,2025-06-20 00:34:11
CLQKD1,9YL8HL,2025-06-20 00:34:21
CLJYXH,9UAN8M,2025-06-20 00:35:40
CLQKHM,143LHR,2025-06-20 00:35:43
CLQK87,,2025-06-20 00:35:44
CLQKLQ,PSG8ZY,2025-06-20 00:36:57
CLQKMK,143LHS,2025-06-20 00:37:15
CLQKNR,EPGQ5N,2025-06-20 00:37:52
CLQKG6,,2025-06-20 00:37:52
CLQK87,,2025-06-20 00:37:57
CLQKSP,9YK3M8,2025-06-20 00:39:21
CLQKTG,143LY3,2025-06-20 00:39:41
CLQKY3,9YMO3W,2025-06-20 00:41:01
CLQJVN,,2025-06-20 00:41:19
CLQKHC,,2025-06-20 00:41:34
CLQL79,9YLQ7H,2025-06-20 00:44:53
CLQL9B,9YM5C7,2025-06-20 00:45:32
CLD2YB,,2025-06-20 00:45:39
CLQJVN,,2025-06-20 00:45:42
CLQL9Y,PSG99N,2025-06-20 00:45:45
CLQLCN,143LYD,2025-06-20 00:46:21
CLQLCV,9YN3YK,2025-06-20 00:46:24
CLQLD7,9YMLQW,2025-06-20 00:46:35
CLQ6Q1,,2025-06-20 00:46:49
CLNCVZ,9W9RVW,2025-06-20 00:48:15
CLQLK6,9YOC3R,2025-06-20 00:48:16
CLQLN5,,2025-06-20 00:54:42
CLQM3Q,143LJ0,2025-06-20 00:54:51
CLQM6W,143LJ3,2025-06-20 00:56:12
CLQM73,9YNJE5,2025-06-20 00:56:20
CLQ9XM,CLQ9XM,2025-06-20 00:56:38
CLQM85,HAMGRU,2025-06-20 00:56:42
CLQLH4,,2025-06-20 00:57:18
CLQLH4,,2025-06-20 01:02:12
CLQMQV,143LJ8,2025-06-20 01:02:45
CLQMDN,,2025-06-20 01:03:04
CLQMRK,9YQS8Q,2025-06-20 01:03:10
CLQMSF,143LJA,2025-06-20 01:03:29
CLQMSH,9YP7N4,2025-06-20 01:03:29
CLKXXF,CLKXXF,2025-06-20 01:05:37
CLQN26,9YRPKY,2025-06-20 01:06:54
CLQLH4,,2025-06-20 01:07:07
CLQN7H,9YQCVH,2025-06-20 01:09:01
CLQN83,9YQMSN,2025-06-20 01:09:18
CLQF72,,2025-06-20 01:09:32
CLQN8J,9YRE5P,2025-06-20 01:09:32
CLQN8W,143LJK,2025-06-20 01:09:39
CLQN9H,PSGAZJ,2025-06-20 01:09:52
CLQNCK,2THKHJ,2025-06-20 01:10:42
CLQNFM,9YSPJ5,2025-06-20 01:11:24
CLQNLT,9YTT2Q,2025-06-20 01:13:47
CLQNNS,9YSWR2,2025-06-20 01:14:36
CLQNPP,143LK0,2025-06-20 01:14:53
CLQNXB,9YSTJA,2025-06-20 01:17:42
CLQNYQ,IRLAMH,2025-06-20 01:18:17
CLQBMB,PJXRF3,2025-06-20 01:18:24
CLQNZR,143LK3,2025-06-20 01:18:45
CLQN2G,143LJF,2025-06-20 01:18:59
CLQNKD,9YRGYZ,2025-06-20 01:19:46
CLQL9P,9YN2WR,2025-06-20 01:19:47
CLQP5Q,RFSS2M,2025-06-20 01:21:20
CLQP5V,9YTRNO,2025-06-20 01:21:23
CLQP9J,143LK9,2025-06-20 01:23:00
CLQPB1,9YTHXL,2025-06-20 01:23:08
CLQPMJ,9YVNDL,2025-06-20 01:27:38
CLQCKX,NLHM3K,2025-06-20 01:27:46
CLMJ6Q,9VQPWV,2025-06-20 01:28:51
CLQPGT,9YU898,2025-06-20 01:29:19
CLQPW6,9YV547,2025-06-20 01:31:07
CLM21H,9VG6SI,2025-06-20 01:31:16
CLQLZT,9YOUOQ,2025-06-20 01:32:13
CLQQJJ,9YWLP8,2025-06-20 01:39:03
CLQF20,,2025-06-20 01:41:10
CLQQPS,9YWZQO,2025-06-20 01:41:34
CLQQSZ,143LL3,2025-06-20 01:43:06
CLQR71,9Z2NT8,2025-06-20 01:49:09
CLQRBS,143LLC,2025-06-20 01:50:56
CLQRC6,143LLD,2025-06-20 01:51:05
CLQRHL,NUHIFD,2025-06-20 01:53:09
CLQQ9R,,2025-06-20 01:53:27
CLQRJX,9Z2C8Z,2025-06-20 01:53:50
CLQQ9R,,2025-06-20 01:55:14
CLNZRX,CLNZRX,2025-06-20 01:57:38
CLQRZY,143LLK,2025-06-20 02:00:14
CLQS1Z,9Z3IEC,2025-06-20 02:01:08
CLQS9R,143LM0,2025-06-20 02:05:06
CLNW6V,CLNW6V,2025-06-20 02:05:28
CLPYV1,143L1N,2025-06-20 02:12:38
CLQQ9R,,2025-06-20 02:13:25
CLFBHH,,2025-06-20 02:16:09
CLQT4D,143LMG,2025-06-20 02:17:31
CLQT8C,9Z7YA5,2025-06-20 02:19:26
CLQ89Y,CLQ89Y,2025-06-20 02:24:41
CLQTTF,9Z8ZJO,2025-06-20 02:27:41
CLJYKP,CLJYKP,2025-06-20 02:29:25
CLQTZZ,J7IDIF,2025-06-20 02:30:29
CLQV0K,9Z99RK,2025-06-20 02:30:39
CLQV1Z,9Z93LG,2025-06-20 02:31:12
CLQV52,9Z9YXH,2025-06-20 02:32:37
CLQVF7,ULEGPH,2025-06-20 02:36:45
CLQVFL,9ZBNJS,2025-06-20 02:36:59
CLQVGB,9ZCIM2,2025-06-20 02:37:21
CLQ9YP,,2025-06-20 02:38:41
CLQVK8,KJBCGM,2025-06-20 02:39:01
CLQVVP,9ZBQEB,2025-06-20 02:43:47
CLQVW9,9ZDPSX,2025-06-20 02:44:08
CLQVY1,9ZDP8D,2025-06-20 02:44:59
CLQVJ5,,2025-06-20 02:45:06
CLQVJ5,,2025-06-20 02:46:43
CLQW33,9ZDCIG,2025-06-20 02:47:33
CLQW51,9ZEP2O,2025-06-20 02:48:29
CLQRS9,,2025-06-20 02:50:12
CLQWBW,9ZEJOF,2025-06-20 02:51:22
CLQVGB,,2025-06-20 02:52:11
CLQWG8,143LNK,2025-06-20 02:53:03
CLQWLD,143LNN,2025-06-20 02:54:55
CLQWV3,,2025-06-20 02:58:14
CLQWV3,,2025-06-20 02:58:14
CLQXB6,9ZFXMZ,2025-06-20 03:05:37
CLQXM2,9ZGRIH,2025-06-20 03:10:00
CLQXY9,9ZIVAH,2025-06-20 03:13:41
CLQZ19,9ZKFYI,2025-06-20 03:20:45
CLQZQ1,9ZKS9I,2025-06-20 03:24:06
CLR0SP,QT5K7J,2025-06-20 03:29:22
CLR0T3,9ZMFCK,2025-06-20 03:29:29
CLR0ZM,9ZLKOG,2025-06-20 03:31:55
CLR1BW,9ZNJQ2,2025-06-20 03:37:01
CLPTTQ,,2025-06-20 03:38:24
CLPTTQ,,2025-06-20 03:38:25
CLR1GV,9ZP5FQ,2025-06-20 03:38:48
CLR1M5,9ZOJ6O,2025-06-20 03:40:48
CLFBQ7,,2025-06-20 03:43:36
CLFBQ7,,2025-06-20 03:46:33
CLR27C,9ZQC5Q,2025-06-20 03:49:13
CLFBQ7,,2025-06-20 03:49:25
CLQ6KV,CLQ6KV,2025-06-20 03:54:44
CLN05N,CLN05N,2025-06-20 03:56:01
CLR2ZL,,2025-06-20 03:58:33
CLR31F,F638LV,2025-06-20 03:59:17
CLR33S,9ZT7GS,2025-06-20 04:00:23
CLR3C3,,2025-06-20 04:04:54
CLR3J9,9ZSAWI,2025-06-20 04:05:18
CLQ8WT,CLQ8WT,2025-06-20 04:05:36
CLQD2G,CLQD2G,2025-06-20 04:07:18
CLQD4W,CLQD4W,2025-06-20 04:08:32
CLR1ZX,9ZPT7L,2025-06-20 04:13:32
CLQYGG,9ZITKE,2025-06-20 04:14:21
CLR1XG,9ZP3O8,2025-06-20 04:15:21
CLR4FD,9ZUKKN,2025-06-20 04:15:26
CLR1Z1,9ZOBUY,2025-06-20 04:16:28
CLR1W7,9ZOOY2,2025-06-20 04:18:13
CLQL79,CLQL79,2025-06-20 04:20:20
CLR50J,9ZW5ZS,2025-06-20 04:21:55
CLQLH4,CLQLH4,2025-06-20 04:25:21
CLR63R,PSGG6C,2025-06-20 04:33:43
CLR6NP,723NWM,2025-06-20 04:39:19
CLPK5B,CLPK5B,2025-06-20 04:39:59
CLPMFV,CLPMFV,2025-06-20 04:42:04
CLR7FQ,723B5O,2025-06-20 04:47:42
CLR7HT,725N45,2025-06-20 04:48:28
CLR7MP,724NU8,2025-06-20 04:49:48
CLDHPV,9PE6CT,2025-06-20 04:54:15
CLRC8M,72CECH,2025-06-20 05:24:22
CLRCQZ,143LRA,2025-06-20 05:28:45
CLQQ9R,CLQQ9R,2025-06-20 05:30:39
CLRDYW,72DR86,2025-06-20 05:39:57
CLRGDD,72H8PP,2025-06-20 05:53:00
CLR9XX,729NQF,2025-06-20 06:01:41
CLRHG1,72J8ER,2025-06-20 06:02:20
CLRK8L,143LS0,2025-06-20 06:09:52
CLRKCP,,2025-06-20 06:10:45
CLMSCG,,2025-06-20 06:29:24
CLRMKG,72PB86,2025-06-20 06:30:05
CLRNCN,72RGXA,2025-06-20 06:37:26
CLRTFL,72XUA6,2025-06-20 07:18:43
CLRVJP,,2025-06-20 07:29:40
CLRX4B,98GQ38,2025-06-20 07:38:21
CLRYLL,735OSB,2025-06-20 07:48:25
CLRZQR,98GQF7,2025-06-20 07:56:03
CLRZZ6,738WSZ,2025-06-20 07:57:46
CLS0T5,98GQJT,2025-06-20 08:03:38
CLR1YJ,9ZOR6P,2025-06-20 08:05:13
CLS1B3,RE58AJ,2025-06-20 08:07:14
CLS1KP,98GQNF,2025-06-20 08:08:52
CLS22F,FPWLJ6,2025-06-20 08:11:55
CLS2XL,1358RM,2025-06-20 08:16:42
CLS3RG,98GR22,2025-06-20 08:22:03
CLS407,98GR38,2025-06-20 08:23:32
CLS4F6,73FXDA,2025-06-20 08:25:53
CLRW52,,2025-06-20 08:25:56
CLS4T8,73FIKH,2025-06-20 08:27:47
,,2025-06-20 08:28:07
CLS56K,NVX7P6,2025-06-20 08:30:08
CLS51X,,2025-06-20 08:31:03
CLS546,,2025-06-20 08:32:11
CLS546,,2025-06-20 08:32:34
CLS6K4,DWWWT2,2025-06-20 08:37:42
CLS7B6,98GRY4,2025-06-20 08:41:58
CLS7J2,73IFZ8,2025-06-20 08:43:00
CLS7X1,73IPPS,2025-06-20 08:45:07
CLS9D2,73JP9E,2025-06-20 08:52:57
CLS9D2,,2025-06-20 08:56:48
CLSC53,73MHHW,2025-06-20 09:01:29
CLRZXN,,2025-06-20 09:02:48
CLSCQ3,KC45QN,2025-06-20 09:04:08
CLSCT1,MCR45S,2025-06-20 09:04:38
CLSD89,,2025-06-20 09:06:49
CLSD89,,2025-06-20 09:06:49
CLSDDL,JSYSRJ,2025-06-20 09:07:35
CLSDFK,73O8RU,2025-06-20 09:07:44
CLSDP3,98GS46,2025-06-20 09:08:54
CLSDQH,,2025-06-20 09:11:33
CLSDQH,,2025-06-20 09:12:19
CLSFL9,IMZZTW,2025-06-20 09:13:23
CLSFQ7,143LTR,2025-06-20 09:14:04
CLSF35,,2025-06-20 09:14:53
CLSFZC,73OV6K,2025-06-20 09:15:22
CLSG4H,73OL3G,2025-06-20 09:16:15
CLSGHQ,LFOXKY,2025-06-20 09:17:47
CLSF35,,2025-06-20 09:18:22
CLSDQH,,2025-06-20 09:20:15
,,2025-06-20 09:20:50
CLSHM5,73PAQ6,2025-06-20 09:22:48
CLSHRY,73QY6E,2025-06-20 09:23:30
CLSHSN,LPDDFS,2025-06-20 09:23:37
CLSG3J,,2025-06-20 09:24:40
CLSJ5C,,2025-06-20 09:25:23
CLSJNQ,98GSFN,2025-06-20 09:27:30
CLSJZK,98GSGK,2025-06-20 09:28:48
CLSJZV,,2025-06-20 09:28:49
CLSK1H,98GSGP,2025-06-20 09:29:00
CLNPVV,ELZTNA,2025-06-20 09:30:49
CLSKL3,YUHINM,2025-06-20 09:31:25
CLSF35,98GS5G,2025-06-20 09:31:59
CLSKV5,73SQOW,2025-06-20 09:32:39
CLSLR7,LEMMTP,2025-06-20 09:36:24
CLSLTN,73UDOT,2025-06-20 09:36:46
CLRY9T,7358A6,2025-06-20 09:37:38
CLSM26,98GSN4,2025-06-20 09:37:47
CLSM4Z,73UQ32,2025-06-20 09:38:10
CLSMH2,73SVS2,2025-06-20 09:39:34
CLSN4P,LPREAK,2025-06-20 09:42:20
CLRBST,CLRBST,2025-06-20 09:46:08
CLSP8H,73V24A,2025-06-20 09:46:44
CLSPS9,,2025-06-20 09:52:05
CLSQ90,,2025-06-20 09:52:24
CLSR42,LPGHXE,2025-06-20 09:53:55
CLSRNP,135923,2025-06-20 09:55:51
CLSRRJ,98GT8J,2025-06-20 09:56:10
CLSS3J,LSDVNV,2025-06-20 09:57:32
CLSSH7,LQSTCS,2025-06-20 09:59:06
CLSSHQ,73YI6C,2025-06-20 09:59:11
CLSS0Z,,2025-06-20 10:00:11
CLSSXF,,2025-06-20 10:01:50
CLST8G,LOYOFZ,2025-06-20 10:02:07
CLSSXF,,2025-06-20 10:02:40
CLSSXF,,2025-06-20 10:03:27
CLSTYM,GLSUDJ,2025-06-20 10:04:48
CLSVTF,SVV4DE,2025-06-20 10:07:58
CLQC38,LHXWI6,2025-06-20 10:08:52
CLSVQC,,2025-06-20 10:09:41
CLSWZ2,08AF57,2025-06-20 10:12:15
CLSXGZ,LFBFLB,2025-06-20 10:14:19
CLSY3G,,2025-06-20 10:16:39
CLSYKS,VBMH6F,2025-06-20 10:18:18
CLPMTR,EGDWCN,2025-06-20 10:19:33
CLSZ3J,743QHB,2025-06-20 10:20:21
CLSZ6B,SXXCJK,2025-06-20 10:20:46
CLSZJF,GLDKYU,2025-06-20 10:21:59
CLT056,743PHA,2025-06-20 10:24:27
CLT0J9,08AF6P,2025-06-20 10:25:48
CLT0ST,HGP8W2,2025-06-20 10:26:50
CLT14K,745GL4,2025-06-20 10:28:01
CLT1L4,YUCTVL,2025-06-20 10:29:32
CLSYJT,08AF5V,2025-06-20 10:30:03
CLT1TF,CBSSH6,2025-06-20 10:30:18
CLT21P,13593T,2025-06-20 10:31:07
CLT2PY,08AF7F,2025-06-20 10:33:37
CLT306,746OKP,2025-06-20 10:34:40
CLT3F8,747CIB,2025-06-20 10:36:12
CLT3FV,746EUT,2025-06-20 10:36:15
CLT3PC,GJBFFA,2025-06-20 10:37:09
CLT3PP,135943,2025-06-20 10:37:11
CLT43J,747QW8,2025-06-20 10:38:34
CLT46W,98GUDT,2025-06-20 10:39:04
CLT50D,,2025-06-20 10:41:54
CLT5HT,749OB2,2025-06-20 10:43:40
CLT5SY,B7STHF,2025-06-20 10:44:47
CLT6FF,7488W8,2025-06-20 10:47:08
CLT7W1,74AWCA,2025-06-20 10:52:11
CLT87M,749THF,2025-06-20 10:53:25
CLT8XP,74C8ZK,2025-06-20 10:55:47
CLT143,08AF6W,2025-06-20 10:59:06
CLTB8Q,74C2HB,2025-06-20 11:00:22
CLTB8S,74BG9Y,2025-06-20 11:00:22
CLTBQR,98GURF,2025-06-20 11:01:56
CLT7XJ,74AI6G,2025-06-20 11:02:08
CLTCT9,,2025-06-20 11:05:43
CLTFM7,13595Q,2025-06-20 11:11:38
CLDGBJ,9PAHRR,2025-06-20 11:14:13
CLTGHF,143M23,2025-06-20 11:14:27
CLTF8W,GHZUCN,2025-06-20 11:15:11
CLTGQX,,2025-06-20 11:15:17
CLTHG0,143M29,2025-06-20 11:17:55
CLTGL6,,2025-06-20 11:19:54
CLTJ1H,2TYSDQ,2025-06-20 11:20:04
CLTJKY,08AFCI,2025-06-20 11:21:51
CLTJPN,74FDHR,2025-06-20 11:22:15
CLTK95,08AFCQ,2025-06-20 11:24:09
CLTKJF,74I4R4,2025-06-20 11:24:53
CLTL60,143M2K,2025-06-20 11:27:01
CLTL6Q,98H060,2025-06-20 11:27:06
CLTLK2,74HRCV,2025-06-20 11:28:12
CLTLTF,98H06G,2025-06-20 11:29:11
CLTLZ2,GLNXFC,2025-06-20 11:29:40
CLTM6Y,,2025-06-20 11:31:20
CLTN2N,143M30,2025-06-20 11:33:13
CLTNKD,74IONJ,2025-06-20 11:34:45
CLTNQZ,74I7CR,2025-06-20 11:35:15
CLTNW9,,2025-06-20 11:35:45
CLTPCJ,74JMUU,2025-06-20 11:37:16
CLTPFS,74KRVL,2025-06-20 11:37:29
CLTPHK,,2025-06-20 11:37:40
CLTPHK,,2025-06-20 11:37:40
CLTQ8M,,2025-06-20 11:41:03
CLTQLC,LQJRPU,2025-06-20 11:41:16
CLTQM8,74JOFE,2025-06-20 11:41:21
CLTFBR,,2025-06-20 11:41:22
CLTR61,98H0A0,2025-06-20 11:43:08
CLTSW5,74MIVY,2025-06-20 11:48:39
CLTT04,,2025-06-20 11:49:03
CLTT04,,2025-06-20 11:49:03
CLTS2K,,2025-06-20 11:51:51
CLTV95,143M3F,2025-06-20 11:53:11
CLTS2K,,2025-06-20 11:53:32
CLTVNT,LQIRIW,2025-06-20 11:54:17
CLTVTP,74N8EV,2025-06-20 11:54:46
CLTVND,,2025-06-20 11:55:06
CLTW3Q,CL3EW2,2025-06-20 11:55:47
CLTVND,,2025-06-20 11:56:54
CLTTY7,,2025-06-20 11:57:13
CLTWL6,GCCKGW,2025-06-20 11:57:18
CLTTY7,,2025-06-20 11:58:19
CLTX5Q,K5U4EF,2025-06-20 11:59:13
CLTX7R,YUZOFQ,2025-06-20 11:59:27
CLTXGR,74NHLI,2025-06-20 12:00:07
CLTY09,74PSFU,2025-06-20 12:01:56
CLTSZ9,,2025-06-20 12:03:03
CLTYM8,143M3R,2025-06-20 12:03:50
CLTZQW,141UJS,2025-06-20 12:07:34
CLV05C,74OKPI,2025-06-20 12:09:01
CLV09X,74OQ5H,2025-06-20 12:09:29
CLV24X,SGFZFT,2025-06-20 12:15:25
CLV3TW,98H0JT,2025-06-20 12:20:36
CLV5KX,NCBENN,2025-06-20 12:25:51
CLV5P8,,2025-06-20 12:26:11
CLV5P8,,2025-06-20 12:26:11
CLV6RQ,74T8TH,2025-06-20 12:29:25
CLV6TB,,2025-06-20 12:29:38
CLV750,2TJ379,2025-06-20 12:30:44
CLVB5Z,,2025-06-20 12:40:16
CLVBC2,74WUR4,2025-06-20 12:40:47
CLVBMY,74XHQ7,2025-06-20 12:41:42
CLVBYZ,EG1SHX,2025-06-20 12:42:43
CLV9ZJ,,2025-06-20 12:44:59
CLVD3W,,2025-06-20 12:46:16
CLVDS6,98H0U8,2025-06-20 12:48:14
CBS7L6,8U238Q,2025-06-20 12:49:39
CLVDMC,,2025-06-20 12:50:20
CLVG1B,GDHZXG,2025-06-20 12:52:07
CLVGXX,74YTDT,2025-06-20 12:54:44
CLJDTH,CLJDTH,2025-06-20 12:57:57
CLVJFN,74ZF73,2025-06-20 12:59:03
CLVJTF,FIS87S,2025-06-20 13:00:14
CLVK1T,HRHSAT,2025-06-20 13:00:59
CLVB7Q,,2025-06-20 13:01:17
CLVK9J,75235K,2025-06-20 13:01:41
CLVL93,7525OJ,2025-06-20 13:04:40
CLVN6W,753BDJ,2025-06-20 13:10:42
CLVN8H,754R3Z,2025-06-20 13:10:49
CLVLSH,,2025-06-20 13:11:03
CLVNZW,PSHBF9,2025-06-20 13:13:09
CLV2LJ,,2025-06-20 13:14:00
CL97SC,,2025-06-20 13:14:23
CLVQ26,I6VG3S,2025-06-20 13:16:38
CLVQWM,7552M7,2025-06-20 13:19:11
CLVRX4,755K6V,2025-06-20 13:22:26
CLVSWK,758C7K,2025-06-20 13:25:39
CLVTR3,143M6H,2025-06-20 13:28:27
CLVVKB,1885E8,2025-06-20 13:31:15
CLVVLK,758KA7,2025-06-20 13:31:24
CLTQFS,,2025-06-20 13:31:51
CLVV5W,GLFNQJ,2025-06-20 13:32:38
CLTQFS,,2025-06-20 13:37:01
CLVYJ6,,2025-06-20 13:40:56
CLVZLY,USXHDE,2025-06-20 13:44:26
CLVSHR,,2025-06-20 13:44:50
CLW02D,98H1PG,2025-06-20 13:45:54
CLW03C,,2025-06-20 13:46:02
CLW03C,,2025-06-20 13:46:02
CLW0DG,VXK7CV,2025-06-20 13:46:59
CLW19D,143M73,2025-06-20 13:49:55
CLW1GQ,1885YK,2025-06-20 13:50:32
CLW28C,J57VWJ,2025-06-20 13:52:57
CLW2H3,75DSNF,2025-06-20 13:53:36
CLVXJQ,75BHCL,2025-06-20 13:53:55
CLVXJQ,75BHCL,2025-06-20 13:54:46
CLW345,75CP6P,2025-06-20 13:55:42
CLW35C,HPMVSK,2025-06-20 13:55:50
CLW3HL,75DBEL,2025-06-20 13:56:57
CLVZYC,75BZSD,2025-06-20 13:59:32
CLW4SY,F6NAQN,2025-06-20 14:01:09
CLW4XL,143M7L,2025-06-20 14:01:30
CLW5CC,75GFEU,2025-06-20 14:02:54
CLW5FX,75G8QM,2025-06-20 14:03:11
CLW5GM,75FKYC,2025-06-20 14:03:16
CLW54Q,,2025-06-20 14:05:12
CLW54Q,,2025-06-20 14:06:10
CLW6CK,PSHFQS,2025-06-20 14:06:25
CLW78B,75GBXM,2025-06-20 14:09:16
CLW78P,,2025-06-20 14:09:18
CLW79G,75FN7C,2025-06-20 14:09:22
CLW7GR,75FUT5,2025-06-20 14:09:58
CLVZK7,,2025-06-20 14:11:46
CLW58C,75EOEJ,2025-06-20 14:12:25
CLW89R,,2025-06-20 14:15:28
CLW89R,,2025-06-20 14:16:18
CLW9TQ,75HOU8,2025-06-20 14:17:43
CLWB1G,143M8Y,2025-06-20 14:18:31
CLWB2N,75HOPZ,2025-06-20 14:18:36
CLW4JY,08AFXX,2025-06-20 14:19:44
CLWBM2,,2025-06-20 14:20:25
CLWBXC,75HTAZ,2025-06-20 14:21:28
CLWBXM,F56BZW,2025-06-20 14:21:31
CLWC8N,143M8R,2025-06-20 14:22:43
CLWCJH,GLNSIB,2025-06-20 14:23:37
CLWBBD,,2025-06-20 14:24:57
CLWD0M,143M8T,2025-06-20 14:25:11
CLWD2V,75KQXD,2025-06-20 14:25:25
CLWBBD,,2025-06-20 14:25:53
CLWDNC,75JJLO,2025-06-20 14:27:22
CLWDV7,75K4DA,2025-06-20 14:28:01
CLWF5K,75JWJB,2025-06-20 14:29:04
CLWFB0,143M96,2025-06-20 14:29:34
CLWFD9,75JZJP,2025-06-20 14:29:50
CLWFFN,1359DQ,2025-06-20 14:29:58
CLW79G,75FN7C,2025-06-20 14:30:31
CLWG4T,143M9A,2025-06-20 14:32:26
CLWGFP,75LITJ,2025-06-20 14:33:23
CLWGMS,F5978Z,2025-06-20 14:34:03
CLWGQQ,GMUNWR,2025-06-20 14:34:24
CLWGQW,QJGWSQ,2025-06-20 14:34:25
CLWGS4,75L8X8,2025-06-20 14:34:36
CLWGS5,GKOOSD,2025-06-20 14:34:37
CLWGTZ,75KPU9,2025-06-20 14:34:44
CLWHG0,GLJJQZ,2025-06-20 14:36:48
CLWHK6,SYYAAX,2025-06-20 14:37:10
CLLB65,9V2928,2025-06-20 14:38:37
CLVWQ4,,2025-06-20 14:38:55
CLWJ5T,75NWJF,2025-06-20 14:39:20
CLWJCR,IIVS3B,2025-06-20 14:39:58
CLWJGT,75MKR5,2025-06-20 14:40:19
CLWJWB,,2025-06-20 14:41:43
CLWJWB,,2025-06-20 14:41:43
CLWKFZ,1359EC,2025-06-20 14:43:40
CLWKHJ,75MW8V,2025-06-20 14:43:50
CLWL0X,,2025-06-20 14:45:38
CLWL0X,,2025-06-20 14:45:38
CLWLLN,75P3ZP,2025-06-20 14:47:33
CLWLVP,143MA2,2025-06-20 14:48:18
CLWMKJ,75OPE9,2025-06-20 14:50:18
CLWJP6,,2025-06-20 14:50:18
CLWMN3,98H2U4,2025-06-20 14:50:32
CLWMPZ,,2025-06-20 14:50:42
CLWMPZ,,2025-06-20 14:50:42
CLWMYS,75NYDO,2025-06-20 14:51:26
CLWCS7,75KG3M,2025-06-20 14:52:47
CLWL0V,75MOCI,2025-06-20 14:52:51
CLWL0V,,2025-06-20 14:52:51
CLWNPK,75PNCB,2025-06-20 14:53:54
CLWNV6,,2025-06-20 14:54:24
CLWNXN,75Q684,2025-06-20 14:54:40
CLWP7J,143MAK,2025-06-20 14:55:46
CLWPCD,143MAL,2025-06-20 14:56:09
CLWGFP,,2025-06-20 14:56:59
CLWPYN,75PMWG,2025-06-20 14:58:03
CLWQ5D,75PUII,2025-06-20 14:58:50
CLWL75,75OLAK,2025-06-20 14:59:28
CLWRML,75RRCX,2025-06-20 15:03:43
CLWRY1,75RA8R,2025-06-20 15:04:47
CLWSH5,75QW8C,2025-06-20 15:06:51
CLWSKV,98H399,2025-06-20 15:07:09
CLWSLL,75S78X,2025-06-20 15:07:12
CLWSWT,143MBH,2025-06-20 15:08:10
CLWTC8,75SQOA,2025-06-20 15:09:40
CLWTDG,75SUBP,2025-06-20 15:09:48
CLWTNZ,75TCYR,2025-06-20 15:10:47
CLWTZY,75T27W,2025-06-20 15:11:55
CLWV9Z,75T8PE,2025-06-20 15:13:07
CLWVCY,75TMII,2025-06-20 15:13:22
CLWVQF,75UAAZ,2025-06-20 15:14:32
CLWVX0,143MBU,2025-06-20 15:15:13
CLWW8J,75UIW2,2025-06-20 15:16:33
CLWWFB,HPWDCI,2025-06-20 15:17:09
CLWWYS,75VLAI,2025-06-20 15:19:01
CLWX5J,75TZ5D,2025-06-20 15:19:46
CLWX79,JIXZYU,2025-06-20 15:19:58
CLWX7Y,75UABB,2025-06-20 15:20:02
CLWGFP,,2025-06-20 15:21:32
CLWXSL,143MCB,2025-06-20 15:21:54
CLWXZ3,75VZUL,2025-06-20 15:22:30
CLWW24,JVHAZU,2025-06-20 15:22:59
CLWY36,143MCE,2025-06-20 15:23:00
CL1PBY,9G5H5Z,2025-06-20 15:23:20
CLWYGV,75V6TK,2025-06-20 15:24:18
CLWYTM,143MCM,2025-06-20 15:25:44
CLWYX3,I6YQW2,2025-06-20 15:26:01
CLWYXF,75XN7E,2025-06-20 15:26:02
CLWZ57,18864S,2025-06-20 15:26:53
CLWZG0,75W8Z2,2025-06-20 15:27:53
CLWZK4,143MCT,2025-06-20 15:28:19
CLWZLN,75VM56,2025-06-20 15:28:28
CLWZ92,,2025-06-20 15:31:12
CLX0GF,,2025-06-20 15:31:27
CLX0SX,75WG2D,2025-06-20 15:32:33
CLX10T,143MDC,2025-06-20 15:33:24
CLX16X,75Y5T6,2025-06-20 15:34:03
CLX1DH,143MDH,2025-06-20 15:34:36
CLX1SM,JLSFJW,2025-06-20 15:35:58
CLX1Z6,1359FU,2025-06-20 15:36:33
CLX3KF,143ME0,2025-06-20 15:41:54
CLX3W1,JJVPJX,2025-06-20 15:42:59
CLX3WN,7623LT,2025-06-20 15:43:04
CLX2HL,143MDZ,2025-06-20 15:45:13
CLX22R,,2025-06-20 15:45:48
CLX4YV,75Z4BY,2025-06-20 15:46:32
CLX50N,75ZZHW,2025-06-20 15:46:45
CLX22R,,2025-06-20 15:47:13
CLX5G7,,2025-06-20 15:48:16
CLX5JW,3LGBIF,2025-06-20 15:48:34
CLX5LW,75ZFAO,2025-06-20 15:48:46
CLX5Q2,JATINL,2025-06-20 15:49:05
CLWGDX,75KU8D,2025-06-20 15:49:21
CLX5W5,762J63,2025-06-20 15:49:39
CLX6G2,143MEY,2025-06-20 15:51:33
CLX6MG,08AGDD,2025-06-20 15:52:05
CLX6NM,762LWM,2025-06-20 15:52:15
CLX6RV,143MEM,2025-06-20 15:52:35
CLX6WP,762V5B,2025-06-20 15:52:58
CLWXTF,FUS7YN,2025-06-20 15:53:21
CLX73Y,764GA4,2025-06-20 15:53:47
CLX7BN,762TQG,2025-06-20 15:54:32
CLX7F2,762SW3,2025-06-20 15:54:49
CLWQQZ,75QIMM,2025-06-20 15:55:23
CLX7MK,763YXW,2025-06-20 15:55:28
CLX83T,765FF2,2025-06-20 15:57:12
CLVRGZ,756BNZ,2025-06-20 15:57:18
CLX8CY,,2025-06-20 15:58:02
CLX8RQ,143MF7,2025-06-20 15:59:20
CLX90N,98H472,2025-06-20 16:00:20
CLX94D,763TOC,2025-06-20 16:00:43
CLX976,763YPX,2025-06-20 16:01:02
CLX9WG,765WT4,2025-06-20 16:03:26
CLXB37,7655B9,2025-06-20 16:04:12
CLXB5P,98H492,2025-06-20 16:04:27
CLXB8Y,I8ZHNS,2025-06-20 16:04:48
CLXBJT,7668TA,2025-06-20 16:05:36
CLXBPQ,,2025-06-20 16:06:08
CLXCL1,143MFT,2025-06-20 16:09:02
CLX90P,76672T,2025-06-20 16:09:51
CLXCWS,98H4BY,2025-06-20 16:10:06
CLN3GZ,9W3IDZ,2025-06-20 16:11:05
CLXDSW,,2025-06-20 16:13:05
CLXDYS,768CWR,2025-06-20 16:13:38
CLXDZR,HPIK26,2025-06-20 16:13:44
CLXF1X,768JHC,2025-06-20 16:13:56
CLXF4T,,2025-06-20 16:14:17
CLXF90,7679YL,2025-06-20 16:14:46
CLXF9C,767XPR,2025-06-20 16:14:48
CLXF99,98H4DT,2025-06-20 16:14:48
CLXFHF,768TKG,2025-06-20 16:15:29
CLXFWB,768BQU,2025-06-20 16:16:48
CLXFZB,7674AQ,2025-06-20 16:17:06
CLXG6N,769HWU,2025-06-20 16:17:53
CLXGRM,1359HB,2025-06-20 16:19:34
CLXHBZ,76A4TT,2025-06-20 16:21:38
CLXHCJ,143MGR,2025-06-20 16:21:40
CLXHHP,98H4GK,2025-06-20 16:22:09
CLXHHV,,2025-06-20 16:22:09
CLXHHC,PSY1H4,2025-06-20 16:22:09
CLXHXF,98H4H7,2025-06-20 16:23:33
CLXJ0T,143MH2,2025-06-20 16:23:53
CLXJBX,76AWUG,2025-06-20 16:25:00
CLXJJG,76AGCX,2025-06-20 16:25:37
CLXJKB,143MH4,2025-06-20 16:25:45
CLXJRH,76A5N8,2025-06-20 16:26:26
CLXJWT,76B9P2,2025-06-20 16:26:53
CLXK3L,143MHA,2025-06-20 16:27:40
CLXKPN,76AGIU,2025-06-20 16:29:29
CLXJRL,,2025-06-20 16:29:49
CLXL0M,14203T,2025-06-20 16:30:39
CLXJRL,,2025-06-20 16:30:52
,,2025-06-20 16:30:57
CLXLS6,OFBPQD,2025-06-20 16:33:10
CLXLV9,R4RDQ3,2025-06-20 16:33:26
CLXM3D,76BP5D,2025-06-20 16:34:12
CLXM7R,76AJZ7,2025-06-20 16:34:38
CLXM92,76B3BJ,2025-06-20 16:34:44
CLXK6R,PSY3K9,2025-06-20 16:34:48
CLXMLB,98H4N8,2025-06-20 16:35:46
CLXMN1,76C8AV,2025-06-20 16:35:59
CLXMYG,76DK6Z,2025-06-20 16:37:00
CLXN39,QZ8WDW,2025-06-20 16:37:32
CLXN46,JSCTDA,2025-06-20 16:37:38
CLXN67,76CSXN,2025-06-20 16:37:52
CLXN6W,143MY4,2025-06-20 16:37:56
CLXN9F,76CW8V,2025-06-20 16:38:10
CLXNH4,76DE37,2025-06-20 16:38:49
CLXNJJ,DAD6U6,2025-06-20 16:39:00
CLXNMZ,76D45E,2025-06-20 16:39:18
CLXNVV,,2025-06-20 16:40:03
CLXNZ8,98H4P7,2025-06-20 16:40:26
CLXNZL,QWSCIE,2025-06-20 16:40:28
CLXNZZ,76ECCA,2025-06-20 16:40:29
CLXP27,HRHGJA,2025-06-20 16:40:40
CLXP6S,CK8TQF,2025-06-20 16:41:10
CLXP8W,76CMMS,2025-06-20 16:41:24
CLXN91,,2025-06-20 16:42:13
CLXJBX,,2025-06-20 16:42:37
CLXPS5,76EQWJ,2025-06-20 16:43:02
CLXPSH,76E268,2025-06-20 16:43:03
CLXNYD,76C7DU,2025-06-20 16:43:22
CLXPWP,76DF7B,2025-06-20 16:43:29
CLXQ05,76EC9T,2025-06-20 16:43:52
CLXQ1Z,08AGMC,2025-06-20 16:44:05
CLXJBX,,2025-06-20 16:45:27
CLXQQJ,,2025-06-20 16:46:25
CLXQS7,76DBW9,2025-06-20 16:46:35
CLXQZC,143MYS,2025-06-20 16:47:17
CLXR1Y,76E735,2025-06-20 16:47:36
CLXJBX,,2025-06-20 16:47:45
CLXR3F,76EQXC,2025-06-20 16:47:46
CLXR3Z,76EUDF,2025-06-20 16:47:50
CLXR5X,2TJRZS,2025-06-20 16:48:03
CLXR82,,2025-06-20 16:48:15
CLTLK2,74HRCV,2025-06-20 16:48:42
CLXRK2,76F8R7,2025-06-20 16:49:19
CLXRKR,76FIHN,2025-06-20 16:49:23
CLXRL5,76GK9O,2025-06-20 16:49:26
CLXRN3,143MJ2,2025-06-20 16:49:37
CLXRQJ,76F6CW,2025-06-20 16:49:53
CLXRQG,,2025-06-20 16:49:53
CLXRTH,76EO36,2025-06-20 16:50:11
CLXRXJ,98H4TB,2025-06-20 16:50:26
CLXS1L,,2025-06-20 16:50:50
CLXN67,,2025-06-20 16:50:57
CLXS5Y,HNLMEE,2025-06-20 16:51:19
CLXS7Q,OEYAKT,2025-06-20 16:51:32
CLXSC1,143MJA,2025-06-20 16:51:49
CLXFP3,7678Q3,2025-06-20 16:51:55
CLXCK2,143MFS,2025-06-20 16:52:03
CLXSRH,143MJC,2025-06-20 16:53:06
CLXSZY,76GBCQ,2025-06-20 16:53:51
CLXT3J,143MJE,2025-06-20 16:54:13
CLXTQT,08AGOD,2025-06-20 16:56:14
CLXTXP,98H515,2025-06-20 16:56:57
CLXDV8,143MG1,2025-06-20 16:57:22
CLXV9S,76GOOB,2025-06-20 16:58:12
CLXVDK,76FDL6,2025-06-20 16:58:27
CLXVL8,,2025-06-20 16:59:02
CLXVL8,,2025-06-20 16:59:02
CLXVV2,143MJL,2025-06-20 16:59:49
CLXVZD,TX23CQ,2025-06-20 17:00:17
CLXW56,76GBXS,2025-06-20 17:00:55
CLXWDF,76IWM2,2025-06-20 17:01:42
CLXWDX,76HBAZ,2025-06-20 17:01:44
CLXWL3,76H89J,2025-06-20 17:02:22
CLXWSK,98H53F,2025-06-20 17:03:02
CLXWXG,MGBX3N,2025-06-20 17:03:26
CLXTXP,,2025-06-20 17:04:04
CLXTK7,76FDYB,2025-06-20 17:04:07
CLXX3M,143MK4,2025-06-20 17:04:07
CLXX3Y,76J69V,2025-06-20 17:04:10
CLXXQ1,,2025-06-20 17:06:08
CLXXYK,76IDJU,2025-06-20 17:06:55
CLXJ3L,76APGA,2025-06-20 17:07:01
CLXY1S,98H559,2025-06-20 17:07:13
CLXX9W,76HZJQ,2025-06-20 17:07:15
CLXY2J,76HZGI,2025-06-20 17:07:16
CLXY2R,2TJTK2,2025-06-20 17:07:20
CLXY2X,76INPL,2025-06-20 17:07:21
CLXY9F,76JL9Z,2025-06-20 17:08:07
CLXYZ8,98H56E,2025-06-20 17:10:24
CLXZ13,76IWX5,2025-06-20 17:10:36
CLXNZL,,2025-06-20 17:10:52
CLXZ6F,PRTTU6,2025-06-20 17:11:13
CLXZDB,,2025-06-20 17:11:51
CLXZDB,,2025-06-20 17:11:51
CLXZKS,08AGRC,2025-06-20 17:12:26
CLXZWG,98H57N,2025-06-20 17:13:30
CLY02Q,76KJ8D,2025-06-20 17:14:14
CLY064,76LC3I,2025-06-20 17:14:38
CLXZFM,76IJQZ,2025-06-20 17:15:03
CLY0CT,76JIUH,2025-06-20 17:15:21
CLY0MX,76JSV7,2025-06-20 17:16:15
CLY0NL,76K2LN,2025-06-20 17:16:17
C945VN,7IWDL3,2025-06-20 17:16:31
CLY0RS,98H597,2025-06-20 17:16:39
CLY0V5,143MLF,2025-06-20 17:16:54
CLY0VH,76KHCU,2025-06-20 17:16:54
CLY0ZS,76JPGR,2025-06-20 17:17:22
CLY17J,98H5A5,2025-06-20 17:18:12
CLY1B7,JMISEF,2025-06-20 17:18:32
CLY1CY,76LWZ5,2025-06-20 17:18:42
CLY1DR,HNHPAG,2025-06-20 17:18:48
CLY1NY,76LCAG,2025-06-20 17:19:44
CLY1ZL,76KW48,2025-06-20 17:20:52
CLY212,JLWHUH,2025-06-20 17:21:03
CLY2K2,76K9XL,2025-06-20 17:22:45
CLY2VG,,2025-06-20 17:23:50
CLY2XP,143MM0,2025-06-20 17:24:02
CLY35Q,76LHVE,2025-06-20 17:24:54
CLY382,76MLCD,2025-06-20 17:25:12
CLY3C5,76MXXN,2025-06-20 17:25:30
CLY3CT,BK7ZUS,2025-06-20 17:25:35
CLY3S8,98H5EB,2025-06-20 17:27:00
CLY3SK,76MIXM,2025-06-20 17:27:01
C943N3,7IVQG4,2025-06-20 17:27:50
CLY43H,143MM7,2025-06-20 17:28:07
CLY48W,08AGU4,2025-06-20 17:28:46
CLXPWP,76DF7B,2025-06-20 17:28:51
CLY4TS,,2025-06-20 17:30:36
CLY4XL,SBBBTM,2025-06-20 17:30:52
CLY556,GTYQRZ,2025-06-20 17:31:39
CLY563,76OFV3,2025-06-20 17:31:43
CLXJBX,76AWUG,2025-06-20 17:32:29
CLY5FV,98H5H2,2025-06-20 17:32:35
CLY5HD,76OHDJ,2025-06-20 17:32:44
CLY5JC,76N5RO,2025-06-20 17:32:48
CLY5Q5,76NF5Y,2025-06-20 17:33:24
CLY5R7,143MMJ,2025-06-20 17:33:34
CLY5S2,76NXHU,2025-06-20 17:33:38
CLY0QB,98H595,2025-06-20 17:33:49
CLY5XC,76OFUI,2025-06-20 17:34:06
CLY5Y4,JMTYGQ,2025-06-20 17:34:13
CLY5ZR,76MPW7,2025-06-20 17:34:23
CLXFWB,,2025-06-20 17:34:44
CLY636,98H5HZ,2025-06-20 17:34:51
CLY6CC,76OHUC,2025-06-20 17:35:51
CLY6CN,76NXQM,2025-06-20 17:35:53
CLY6JL,76OV9S,2025-06-20 17:36:28
CLY6QL,76P9NU,2025-06-20 17:37:06
CLY6RY,143MN2,2025-06-20 17:37:16
CLY734,98H5JE,2025-06-20 17:38:27
CLY788,98H5JK,2025-06-20 17:39:03
CLY7FV,,2025-06-20 17:39:37
CLY7HW,CNKMQP,2025-06-20 17:39:50
CLY7K5,1359JF,2025-06-20 17:39:59
CLY7NN,OFGKHU,2025-06-20 17:40:23
CLY7XB,76Q6NQ,2025-06-20 17:41:23
CLY838,76P56N,2025-06-20 17:41:56
CLY83P,76OIE6,2025-06-20 17:42:00
CLY83R,76OJJ7,2025-06-20 17:42:01
CLY896,143MNC,2025-06-20 17:42:43
CLY8F1,,2025-06-20 17:42:52
CLY8DV,76PMNP,2025-06-20 17:43:07
CLY8FT,OFEQDU,2025-06-20 17:43:12
CLY8JX,76PGXK,2025-06-20 17:43:30
CLY8MT,98H5LL,2025-06-20 17:43:37
CLY8RK,96LQHT,2025-06-20 17:44:15
CLY8Z1,JMPHAY,2025-06-20 17:44:58
CLY90W,98H5MA,2025-06-20 17:45:09
CLY90V,143MNY,2025-06-20 17:45:09
CLY91J,76Q7RA,2025-06-20 17:45:13
CLY941,76RDNL,2025-06-20 17:45:32
CLY97M,JIRPWQ,2025-06-20 17:46:00
CLY4X3,,2025-06-20 17:46:27
CLY9K3,SXHJLB,2025-06-20 17:46:58
CLY9T2,76RY4I,2025-06-20 17:47:51
CLY9WP,76S56K,2025-06-20 17:48:08
CLYB41,14206K,2025-06-20 17:49:00
CLYBBZ,,2025-06-20 17:49:50
CLYBLP,CONKRG,2025-06-20 17:50:49
CLYBPM,76R4XH,2025-06-20 17:51:13
CLYBPZ,QYJECT,2025-06-20 17:51:16
CLYBY7,76RWHQ,2025-06-20 17:52:07
CLYBYN,76SFNK,2025-06-20 17:52:10
CLYC8N,143MZ5,2025-06-20 17:53:24
CLYCB5,76QYJH,2025-06-20 17:53:32
CLYCCW,PSYZMR,2025-06-20 17:53:44
CLYCF6,143MZ7,2025-06-20 17:53:52
CLYCHD,76RLGF,2025-06-20 17:54:07
CLYCKV,143MZ8,2025-06-20 17:54:22
CLYCS0,76R7EM,2025-06-20 17:55:07
CLYCVJ,QZEYIP,2025-06-20 17:55:25
CLYCZH,143MZG,2025-06-20 17:55:52
CLYD1N,CNESWU,2025-06-20 17:56:08
CLYD4M,98H5QR,2025-06-20 17:56:23
CLYDCQ,,2025-06-20 17:57:02
CLYDK1,76RKGR,2025-06-20 17:57:42
CLYDK0,143MZK,2025-06-20 17:57:42
CLYDNY,76TEP3,2025-06-20 17:58:07
CLYDQN,,2025-06-20 17:58:18
CLYDSY,NCGNAB,2025-06-20 17:58:33
CLYF0B,QYGCLY,2025-06-20 17:59:14
CLYF1L,76SG65,2025-06-20 17:59:22
CLYF2C,143MZN,2025-06-20 17:59:29
CLYF6T,76TVQK,2025-06-20 18:00:06
CLYFDS,76TZ6O,2025-06-20 18:00:56
CLYFK0,98H5SA,2025-06-20 18:01:19
CLYFLD,143MP0,2025-06-20 18:01:32
CLYFLM,98H5SD,2025-06-20 18:01:32
CLYFLG,76VF93,2025-06-20 18:01:32
CLYFNB,143MP2,2025-06-20 18:01:47
CLYFNM,76T6Z6,2025-06-20 18:01:48
CLYFRV,,2025-06-20 18:02:11
CLYFSR,76U9Z8,2025-06-20 18:02:16
CLYFVN,76VH7K,2025-06-20 18:02:30
CLYFZ1,76VFTW,2025-06-20 18:02:56
CLYFZC,76UXOR,2025-06-20 18:02:57
CLYG6L,76UP8K,2025-06-20 18:03:47
C71LBJ,NNMTPX,2025-06-20 18:03:58
CLYGHX,76V4NE,2025-06-20 18:04:44
CLYGJM,76T5WF,2025-06-20 18:04:50
CLYGM0,143MP8,2025-06-20 18:05:08
CLYGQX,IXVH6S,2025-06-20 18:05:32
CLYGVF,143MPA,2025-06-20 18:05:56
CLYH9M,76TRRA,2025-06-20 18:07:39
CLYCF5,,2025-06-20 18:07:50
CLYHDF,CNEJWG,2025-06-20 18:07:58
CLY9HY,,2025-06-20 18:08:24
CLYHJQ,76VKMK,2025-06-20 18:08:30
CLYHLV,98H602,2025-06-20 18:08:41
CLYHLT,76VXTZ,2025-06-20 18:08:41
CLYHMY,76VUID,2025-06-20 18:08:47
CLYHN4,76VVUZ,2025-06-20 18:08:48
CLYHNC,76TVTL,2025-06-20 18:08:50
CLYHPK,143MPG,2025-06-20 18:08:59
CLYCF5,,2025-06-20 18:09:01
CLYHV6,,2025-06-20 18:09:32
CLYHWX,1359KQ,2025-06-20 18:09:44
CLW946,75ILTA,2025-06-20 18:09:59
CLYJ60,143MPY,2025-06-20 18:10:44
CLW8TH,75ILEF,2025-06-20 18:11:05
CLYJDG,,2025-06-20 18:11:31
CLYJLV,76W8YV,2025-06-20 18:12:17
CLY8F4,,2025-06-20 18:12:48
CLYJRP,76USTA,2025-06-20 18:12:51
CLYJSZ,76VIE6,2025-06-20 18:13:00
CLYJY7,76XGBI,2025-06-20 18:13:31
CLYK1R,76XUUV,2025-06-20 18:13:55
CLYK1S,QYGUSF,2025-06-20 18:13:56
CLYKGP,76X2E3,2025-06-20 18:15:23
CLYKJT,143MQ3,2025-06-20 18:15:37
CLYKLN,OFJZPQ,2025-06-20 18:15:52
CLYKM6,PL6V0N,2025-06-20 18:15:55
CLYKM5,143MQ4,2025-06-20 18:15:55
CLYKN0,HDRQGQ,2025-06-20 18:16:01
CLYKQY,98H63F,2025-06-20 18:16:21
CLYKRR,98H63G,2025-06-20 18:16:25
CLYKST,76XLUH,2025-06-20 18:16:35
CLYL0B,76XCL2,2025-06-20 18:17:25
CLYL5S,2TK403,2025-06-20 18:18:02
CLY5HD,76OHDJ,2025-06-20 18:19:01
CLYLGG,143MQG,2025-06-20 18:19:02
CLYLN8,143MQJ,2025-06-20 18:19:54
CLYLP4,76WWA5,2025-06-20 18:19:58
CLYLR4,98H652,2025-06-20 18:20:12
CLYLRN,76YMAJ,2025-06-20 18:20:15
CLYLSX,76Y8MK,2025-06-20 18:20:24
CLYLVF,76XY7D,2025-06-20 18:20:37
CLYM3Q,76X5JR,2025-06-20 18:21:36
CLYM47,76YDM9,2025-06-20 18:21:41
CLYM51,YXJEOH,2025-06-20 18:21:48
CLYMCZ,76XQVR,2025-06-20 18:22:34
CLYMDJ,143MQS,2025-06-20 18:22:38
CLYMDS,143MQU,2025-06-20 18:22:40
CLYMFM,76XY24,2025-06-20 18:22:48
CLYJYP,,2025-06-20 18:23:55
CLYMTQ,76ZJH8,2025-06-20 18:24:14
CLYMWB,76YLXG,2025-06-20 18:24:24
CLYN18,143MR7,2025-06-20 18:25:03
CLYNBP,MXM0BL,2025-06-20 18:26:13
CLYNFM,143MRB,2025-06-20 18:26:34
CLYNHX,143MRC,2025-06-20 18:26:51
CLYNKL,98H67Y,2025-06-20 18:27:03
CLYNQJ,143MRY,2025-06-20 18:27:36
CLYNWR,76Y63K,2025-06-20 18:28:15
CLYNYP,COMRGE,2025-06-20 18:28:29
CLYP0Y,143MRZ,2025-06-20 18:28:45
CLYP70,HQC556,2025-06-20 18:29:29
CLYNBV,76YUBA,2025-06-20 18:29:53
CLYPFM,76ZQPO,2025-06-20 18:30:14
CLYP0Z,76Z6FJ,2025-06-20 18:32:25
CLYQ5F,76YSUB,2025-06-20 18:32:58
CLYQ6X,,2025-06-20 18:33:06
CLYDK1,76RKGR,2025-06-20 18:33:06
CLYQ7T,98H69Q,2025-06-20 18:33:12
CLYNVV,YWWYWC,2025-06-20 18:33:56
CLYQML,GUJSOQ,2025-06-20 18:34:39
CLYFM4,PSYUDB,2025-06-20 18:35:13
CLYQT3,76ZEL5,2025-06-20 18:35:17
CLYQB0,,2025-06-20 18:35:26
CLYQZ6,98H6AY,2025-06-20 18:35:48
CLYR37,143MSN,2025-06-20 18:36:19
CLYR39,R78HE6,2025-06-20 18:36:20
CLYR6J,772DRI,2025-06-20 18:36:46
CLYRDT,772E7F,2025-06-20 18:37:36
CLYRDY,143MSR,2025-06-20 18:37:36
CLYRJW,,2025-06-20 18:38:05
CLYRMS,,2025-06-20 18:38:27
CLYQNX,188727,2025-06-20 18:38:59
CLYRVN,,2025-06-20 18:39:19
CLYRDJ,773RBQ,2025-06-20 18:39:27
CLYFM4,,2025-06-20 18:39:28
CLYS7G,JAKWLP,2025-06-20 18:40:48
CLYS9M,143MT6,2025-06-20 18:41:02
CLYSF2,143MT7,2025-06-20 18:41:29
CLYSNX,GRUIBW,2025-06-20 18:42:30
CLYSTW,773EA4,2025-06-20 18:43:10
CLYSWP,772ZOS,2025-06-20 18:43:26
CLYSX5,773LFY,2025-06-20 18:43:30
CLYT0W,143MTY,2025-06-20 18:44:01
CLYT3W,LCKLVN,2025-06-20 18:44:26
CLYT93,774AVC,2025-06-20 18:45:05
CLYTFH,774SAH,2025-06-20 18:45:41
CL54QH,9KRVHU,2025-06-20 18:45:57
CLYTJR,MAXKXL,2025-06-20 18:46:03
CLYTMX,774VPJ,2025-06-20 18:46:23
CLYLGG,143MQG,2025-06-20 18:46:28
CLYTZ1,143MTT,2025-06-20 18:47:49
CLYTZL,7758L7,2025-06-20 18:47:52
CLYTZW,143MTU,2025-06-20 18:47:55
CLYV8Z,774RZB,2025-06-20 18:49:07
CLYTW6,YWNZZB,2025-06-20 18:49:21
CLYVGY,143MU4,2025-06-20 18:49:51
CLYVXS,MEESKI,2025-06-20 18:51:32
CLYVZN,143MU8,2025-06-20 18:51:46
CLYW06,774X3Z,2025-06-20 18:51:50
CLYW0R,98H6H7,2025-06-20 18:51:54
CLYS5R,,2025-06-20 18:52:42
CLYW9C,MAUQBJ,2025-06-20 18:52:59
CLYWGW,YXOLJH,2025-06-20 18:53:42
CLYWVC,776Y6S,2025-06-20 18:55:12
CLYX0L,SMGRXQ,2025-06-20 18:55:53
CLYX2S,776LXB,2025-06-20 18:56:07
CLYX2W,SMYDHM,2025-06-20 18:56:10
CLYX3G,,2025-06-20 18:56:14
CLYX41,777AWG,2025-06-20 18:56:17
CLYXDC,777ELH,2025-06-20 18:57:19
CLYXKD,,2025-06-20 18:57:48
CLYXKK,776C4J,2025-06-20 18:58:03
CLYXWP,778GBO,2025-06-20 18:59:24
CLYXYY,143MUU,2025-06-20 18:59:40
CLYY1Z,MCYCQH,2025-06-20 19:00:05
CLYY55,776GJS,2025-06-20 19:00:26
CLYY7B,143N01,2025-06-20 19:00:43
CLYY7Q,778THX,2025-06-20 19:00:45
CLYY82,CNHRTQ,2025-06-20 19:00:49
CLYY9P,143N02,2025-06-20 19:00:59
CLYY9Y,,2025-06-20 19:01:03
CLYXHC,,2025-06-20 19:01:26
CLYYFT,778SRJ,2025-06-20 19:01:30
CLYYK5,143N08,2025-06-20 19:02:03
CLYYLN,778VLI,2025-06-20 19:02:15
CLYYM9,98H6L2,2025-06-20 19:02:21
CLYYW9,143N0D,2025-06-20 19:03:23
CLYZDN,CQGRGL,2025-06-20 19:05:32
CLYZKP,779DVQ,2025-06-20 19:06:08
CLYZLZ,143N0M,2025-06-20 19:06:19
CLYZNH,143N0Z,2025-06-20 19:06:29
CLYZNY,143N0P,2025-06-20 19:06:33
CLXQS7,76DBW9,2025-06-20 19:06:36
CLYYP9,,2025-06-20 19:07:52
CLZ000,MESVLD,2025-06-20 19:07:56
CLZ01M,143N0S,2025-06-20 19:08:08
CLZ024,77AH47,2025-06-20 19:08:14
CLYMN7,,2025-06-20 19:08:17
CLYWM9,,2025-06-20 19:08:51
CLYZGF,143N0Y,2025-06-20 19:10:54
CLYWM9,,2025-06-20 19:11:17
CLZ067,,2025-06-20 19:11:24
CLZ112,77AXYF,2025-06-20 19:12:15
CLZ14S,779RVO,2025-06-20 19:12:47
CLZ17H,1359MF,2025-06-20 19:13:05
CLYMN7,,2025-06-20 19:13:08
CLZ1LZ,14209Q,2025-06-20 19:14:37
CLP972,,2025-06-20 19:14:54
CLYFZ1,76VFTW,2025-06-20 19:15:15
CLT46W,,2025-06-20 19:15:38
CLT46W,,2025-06-20 19:15:39
CLZ1VR,77APAC,2025-06-20 19:15:42
CLZ1ZB,MCAJVH,2025-06-20 19:16:06
CLZ2DT,77BZHU,2025-06-20 19:17:56
CLZ2G6,,2025-06-20 19:18:05
CLZ2ND,MDJGKA,2025-06-20 19:18:58
CLZ2P1,,2025-06-20 19:19:08
CLZ2P1,,2025-06-20 19:19:08
CLZ2S0,143N1Q,2025-06-20 19:19:34
CLZ2YK,77BMBU,2025-06-20 19:20:18
CLYXW3,,2025-06-20 19:20:29
CLZ356,77BJBH,2025-06-20 19:21:13
CLZ380,CNAJWG,2025-06-20 19:21:42
CLZ3D1,77BM2V,2025-06-20 19:22:17
CLZ3R7,SMKYYK,2025-06-20 19:23:54
CLZ3YK,GVCMTT,2025-06-20 19:24:53
CLZ410,1359MP,2025-06-20 19:25:17
CLZ4BN,1359MQ,2025-06-20 19:26:36
CLZ4BV,143N2Z,2025-06-20 19:26:39
CLZ4CR,GSECIZ,2025-06-20 19:26:48
CLZ4J0,77CEAI,2025-06-20 19:27:23
CLZ4KV,77DKRH,2025-06-20 19:27:39
CLZ4KS,98H701,2025-06-20 19:27:39
CLZ4KZ,08AHFZ,2025-06-20 19:27:41
CLXS21,,2025-06-20 19:27:48
CLZ4LT,77CQDG,2025-06-20 19:27:49
CLZ50F,08AHG8,2025-06-20 19:29:33
CLZ529,77DQ2L,2025-06-20 19:29:47
CLZ57W,77EGDL,2025-06-20 19:30:34
CLZ5D3,143N37,2025-06-20 19:31:09
CLZ5K0,77DDQU,2025-06-20 19:31:50
CLZ5PP,YYUIQE,2025-06-20 19:32:31
CLZ5RV,98H71Y,2025-06-20 19:32:52
CLZ5WG,77DGCI,2025-06-20 19:33:23
CLZ5XY,77DRHM,2025-06-20 19:33:37
CLZ4K9,CPGJZA,2025-06-20 19:35:26
CLSLR7,,2025-06-20 19:35:50
CLZ6FX,PYG8JW,2025-06-20 19:35:52
CLZ6H8,COMSYP,2025-06-20 19:36:04
CLZ26J,77AVXP,2025-06-20 19:36:15
CLZ6Q0,SLOZTT,2025-06-20 19:37:04
CLZ6Q7,SMZGMP,2025-06-20 19:37:05
CLZ6R8,98H739,2025-06-20 19:37:15
CLZ6X6,143N44,2025-06-20 19:37:58
CLZ6Z3,GTQLIP,2025-06-20 19:38:12
CLZ71T,GTUDCM,2025-06-20 19:38:37
CLZ73T,77FTCK,2025-06-20 19:38:52
CLZ7CN,143N4B,2025-06-20 19:39:59
CLZ7K8,143N4D,2025-06-20 19:40:58
CLZ7KV,CNCZDP,2025-06-20 19:41:03
CLZ7LC,77FXBB,2025-06-20 19:41:07
CLZ7ML,143N4H,2025-06-20 19:41:21
,,2025-06-20 19:41:23
CLZ7S7,143N4K,2025-06-20 19:42:04
CLZ7SN,GVFHTR,2025-06-20 19:42:08
CLZ60T,GSEUSQ,2025-06-20 19:43:24
CLZ82W,77H93Y,2025-06-20 19:43:43
CLZ82T,143N4M,2025-06-20 19:43:44
CLZ867,143N4P,2025-06-20 19:44:15
CLZ8C4,98H75R,2025-06-20 19:44:58
CLZ8C9,DB55NJ,2025-06-20 19:44:59
CLZ8CS,143N4T,2025-06-20 19:45:03
CLZ8DH,YXXLSV,2025-06-20 19:45:10
CLZ8L8,77GP3D,2025-06-20 19:45:58
CLZ8N6,77HOY7,2025-06-20 19:46:16
CLZ8PJ,77HO67,2025-06-20 19:46:28
CLZ8Q8,77G7ZZ,2025-06-20 19:46:34
CLZ8RP,77GS9W,2025-06-20 19:46:49
CLZ8S5,98H76M,2025-06-20 19:46:52
CLZ8SZ,77H6K6,2025-06-20 19:47:02
CLZ8TJ,143N57,2025-06-20 19:47:07
CLZ8TT,77HE3V,2025-06-20 19:47:12
CLZ8Y6,77GJB7,2025-06-20 19:47:38
CLZ92N,143N5A,2025-06-20 19:48:26
CLZ935,YZLZFR,2025-06-20 19:48:29
CLZ94V,77ICRQ,2025-06-20 19:48:43
CLZ95F,COINOT,2025-06-20 19:48:47
CLZ97H,MBNE6J,2025-06-20 19:49:08
CLZ985,143N5E,2025-06-20 19:49:12
CLZ992,98H77J,2025-06-20 19:49:19
CLZ99D,77IH9D,2025-06-20 19:49:22
CLZ9B2,,2025-06-20 19:49:27
CLZ9JR,YYZAIL,2025-06-20 19:50:34
CLZ9KX,,2025-06-20 19:50:45
CLZ9KX,,2025-06-20 19:50:45
CLZ9LQ,77HH8A,2025-06-20 19:50:53
CLZ9M5,Y6Q8FL,2025-06-20 19:50:57
CLZ9PY,143N5K,2025-06-20 19:51:23
CLZ9SK,77HW35,2025-06-20 19:51:47
CLZ9VF,98H78D,2025-06-20 19:52:02
CLZ9W2,1359NM,2025-06-20 19:52:08
CLZ9WD,CNXQPH,2025-06-20 19:52:11
CLZ9WX,77HA8B,2025-06-20 19:52:14
CLZB5K,143N5Q,2025-06-20 19:53:38
CLZB67,98H79A,2025-06-20 19:53:47
CLZB9S,77HHMA,2025-06-20 19:54:24
CLZB9Z,143N5T,2025-06-20 19:54:25
CLZBC7,YZYUDH,2025-06-20 19:54:35
CLZBFW,77I59T,2025-06-20 19:54:55
CLZBH6,MWTIPH,2025-06-20 19:55:08
CLZBRJ,COSDPN,2025-06-20 19:56:33
CLZBSG,77JDDB,2025-06-20 19:56:45
CLV0WY,74PFZ3,2025-06-20 19:57:24
CLZBYF,77K936,2025-06-20 19:57:32
CLZC1B,143N6G,2025-06-20 19:58:03
CLZC4P,HVQMRU,2025-06-20 19:58:37
CLZC5Z,77K59F,2025-06-20 19:58:47
CLZCD6,,2025-06-20 19:59:52
CLZCGB,77J5VY,2025-06-20 20:00:14
CLZCGN,PSJ4SG,2025-06-20 20:00:17
CLZCH7,77JVBO,2025-06-20 20:00:21
CLZCLC,S2VYE3,2025-06-20 20:00:56
CLZCLF,143N6R,2025-06-20 20:00:58
CLZ95Y,,2025-06-20 20:01:04
CLZCV5,77KVTT,2025-06-20 20:02:08
CLZCVM,JVHNUW,2025-06-20 20:02:17
CLZCZB,143N73,2025-06-20 20:03:05
CLZCZS,143N75,2025-06-20 20:03:12
CLZD2D,77JZ7K,2025-06-20 20:03:39
CLZDBT,77KA6S,2025-06-20 20:05:06
CLZDC1,77K5X9,2025-06-20 20:05:08
CLZDD5,98H7DE,2025-06-20 20:05:16
CLZDDG,77K3IL,2025-06-20 20:05:19
CLZDDS,77JN3J,2025-06-20 20:05:22
CLZDJ3,77JO68,2025-06-20 20:05:52
CLZDLD,77KR6K,2025-06-20 20:06:15
CLZ9B2,,2025-06-20 20:06:22
CLZDVY,77LAC5,2025-06-20 20:07:41
CLZF17,77LG5J,2025-06-20 20:08:38
CLZF3L,77MCZS,2025-06-20 20:08:59
CLZF49,MIOYDV,2025-06-20 20:09:05
CLZ8CS,143N4T,2025-06-20 20:09:07
CLZFDB,PSJ4TL,2025-06-20 20:10:17
CLZFLS,77M47E,2025-06-20 20:11:14
CLZFQK,77N5IS,2025-06-20 20:11:57
CLZFT1,77LV5D,2025-06-20 20:12:28
CLZFT6,77NFVY,2025-06-20 20:12:29
CLZFTF,77MFP9,2025-06-20 20:12:30
CLZFWT,143N7R,2025-06-20 20:12:59
CLZFXD,143N7S,2025-06-20 20:13:04
CLZFY4,77LC25,2025-06-20 20:13:11
CLZG4W,77METO,2025-06-20 20:14:19
CLZG6Y,77NFKQ,2025-06-20 20:14:40
CLZGBV,98H7HA,2025-06-20 20:15:22
CLZGC2,MD54YL,2025-06-20 20:15:28
CLZGGM,77O38M,2025-06-20 20:16:07
CLZGHS,,2025-06-20 20:16:18
CLZGHS,,2025-06-20 20:16:18
CLZGL1,77NYP9,2025-06-20 20:16:41
CLZGL7,143N85,2025-06-20 20:16:43
CLZGQL,98H7HU,2025-06-20 20:17:31
CLZGRK,,2025-06-20 20:17:44
CLZGWL,77O9OJ,2025-06-20 20:18:21
CLZGXV,98H7YC,2025-06-20 20:18:33
CLZGZT,143N8G,2025-06-20 20:18:57
CLZH09,77NIMH,2025-06-20 20:19:03
CLZH1D,08AHPS,2025-06-20 20:19:15
CLYMN7,98H667,2025-06-20 20:19:54
CLZDBH,MCQGWN,2025-06-20 20:19:58
CLZH5T,98H7YU,2025-06-20 20:20:09
CLZGK8,SLJXER,2025-06-20 20:20:22
CLZHDC,77P3GO,2025-06-20 20:21:19
CLZHG0,77NJLW,2025-06-20 20:21:38
CLZHKV,98H7JS,2025-06-20 20:22:19
CLZHNC,77OG3W,2025-06-20 20:22:43
CLZHNM,77NDXK,2025-06-20 20:22:46
CLZHQ5,77OXYT,2025-06-20 20:23:02
CLZHR9,HUBIAP,2025-06-20 20:23:11
CLZHRZ,98H7K8,2025-06-20 20:23:19
CLZHSH,143N92,2025-06-20 20:23:23
CLZHZK,143N94,2025-06-20 20:24:32
CLZJ43,77Q5JW,2025-06-20 20:25:20
CLZJ85,77P4E3,2025-06-20 20:26:03
CLZJ8F,143N9E,2025-06-20 20:26:05
CLZJ95,98H7LD,2025-06-20 20:26:15
CLZJH5,77OJBM,2025-06-20 20:27:13
CLZJHZ,77ORTJ,2025-06-20 20:27:27
CLZJNL,98H7MC,2025-06-20 20:28:28
CLYWM9,CLYWM9,2025-06-20 20:28:30
CLZJRY,08AHRF,2025-06-20 20:29:06
CLZJT2,77OS62,2025-06-20 20:29:21
CLZJVM,143N9T,2025-06-20 20:29:39
CLZJWB,77Q8EB,2025-06-20 20:29:42
CLZK1X,77QWM6,2025-06-20 20:30:46
CLZK6N,77PGV7,2025-06-20 20:31:38
CLZK83,SMRQZX,2025-06-20 20:31:55
CLZKH2,143NAB,2025-06-20 20:33:12
CLZKHK,143NAC,2025-06-20 20:33:17
CLZKMC,143NAD,2025-06-20 20:33:57
CLZKMM,77QPS4,2025-06-20 20:33:59
CLZKMR,77PIN4,2025-06-20 20:34:01
CLZKN5,,2025-06-20 20:34:03
CLZKNC,143NAE,2025-06-20 20:34:05
CLZKZW,,2025-06-20 20:36:14
CLZKZW,,2025-06-20 20:36:14
CLZL0R,77S8QR,2025-06-20 20:36:30
CLZL24,77R8TM,2025-06-20 20:36:46
CLZL2M,77S3L4,2025-06-20 20:36:52
CL1PBY,CL1PBY,2025-06-20 20:37:14
CLZKLY,ONHQEI,2025-06-20 20:37:29
CLZL7Y,77RQDX,2025-06-20 20:37:58
CLZLC9,77RXNL,2025-06-20 20:38:45
CLZLJ1,77RBVJ,2025-06-20 20:39:30
CLZLK1,08AHTF,2025-06-20 20:39:39
CLZLRM,143NB2,2025-06-20 20:40:59
CLZLRZ,,2025-06-20 20:41:02
CLZLRZ,,2025-06-20 20:41:02
CLZLTH,143NB3,2025-06-20 20:41:22
CLZLY3,77RDZB,2025-06-20 20:42:06
CLZM04,143NB6,2025-06-20 20:42:30
CLZM2L,77SUIF,2025-06-20 20:42:59
CLZM8C,77TJT5,2025-06-20 20:44:04
CLZLQ1,77S6ZO,2025-06-20 20:45:30
CLZMJF,143NBF,2025-06-20 20:45:48
CLZMLJ,1359ZR,2025-06-20 20:46:08
CLY941,76RDNL,2025-06-20 20:46:12
CLZMMB,143NBJ,2025-06-20 20:46:20
CLZMN6,77T65L,2025-06-20 20:46:30
CLZMSG,J2ML52,2025-06-20 20:47:16
CLZMSM,77RURQ,2025-06-20 20:47:19
CLZMSQ,98H7TY,2025-06-20 20:47:19
CLZMT2,,2025-06-20 20:47:22
CLZMT2,,2025-06-20 20:47:22
CLZMWL,77SITG,2025-06-20 20:47:55
CLZMXL,77TAR4,2025-06-20 20:48:07
CLZMXZ,77U2BD,2025-06-20 20:48:15
CLZMYJ,77U4FF,2025-06-20 20:48:22
CLZMZ4,SIUSCM,2025-06-20 20:48:31
CLZN1D,,2025-06-20 20:48:59
CLZN1B,08AHV1,2025-06-20 20:48:59
CLZN1G,HRTCFY,2025-06-20 20:49:01
CLZN2H,08AHV5,2025-06-20 20:49:12
CLZN3H,143NC0,2025-06-20 20:49:25
CLZN3Z,SMVHXU,2025-06-20 20:49:32
CLZN9D,77V8SY,2025-06-20 20:50:50
CLZND7,143NC5,2025-06-20 20:51:26
CLZNF4,77V8TX,2025-06-20 20:51:35
CLZNDV,143NC6,2025-06-20 20:51:36
CLZNHC,77TGKK,2025-06-20 20:52:06
CLZNHF,SJUMZM,2025-06-20 20:52:08
CLZNK7,77TBXV,2025-06-20 20:52:31
CLZNLL,77VCX2,2025-06-20 20:52:44
CLZNSS,143NCB,2025-06-20 20:53:53
CLZNSZ,77TV6Q,2025-06-20 20:53:54
CLZNTF,143NCC,2025-06-20 20:54:00
CLZJZK,,2025-06-20 20:54:10
CLZNVF,08AHVT,2025-06-20 20:54:12
CLZNW6,77US63,2025-06-20 20:54:17
CLZNW7,77T9F2,2025-06-20 20:54:17
CLZNZM,77UTXY,2025-06-20 20:54:59
CLZP1Y,JDNKLN,2025-06-20 20:55:24
CLZP4D,143NCG,2025-06-20 20:55:58
CLZP5R,143NCH,2025-06-20 20:56:14
CLZP72,143NCK,2025-06-20 20:56:30
CLZP7D,143NCL,2025-06-20 20:56:32
CLZP7V,77VMAK,2025-06-20 20:56:38
CLZP86,1420CK,2025-06-20 20:56:42
CLZPGX,YYCNUW,2025-06-20 20:58:01
CLZPLF,77UDCZ,2025-06-20 20:58:45
CLZPS7,77WV4K,2025-06-20 20:59:52
CLZPWD,77VZI3,2025-06-20 21:00:35
CLZPWR,77W8Y3,2025-06-20 21:00:40
CLZPYN,77V4F7,2025-06-20 21:01:00
CLZQ3C,143ND9,2025-06-20 21:02:04
CLZP8J,77VG9Y,2025-06-20 21:02:06
CLZQ6C,77XTCE,2025-06-20 21:02:45
CLZQF0,R5KPIJ,2025-06-20 21:04:15
CLZQDY,YXOZDE,2025-06-20 21:04:15
CLZQL5,77VUVY,2025-06-20 21:05:24
CLZQM1,143NDZ,2025-06-20 21:05:37
CLZQQR,98H857,2025-06-20 21:06:25
CLZQTW,C35QFW,2025-06-20 21:07:16
CLZQWC,77XX3P,2025-06-20 21:07:35
CLZQXQ,08AHY4,2025-06-20 21:07:53
CLZR29,,2025-06-20 21:08:48
CLZR41,MFEVPL,2025-06-20 21:09:11
CLZR54,SKFLJT,2025-06-20 21:09:28
CLZR8V,143NE3,2025-06-20 21:10:22
CLZRCR,98H86T,2025-06-20 21:10:59
CLZQ0Q,,2025-06-20 21:11:26
CLZRNQ,QDAD3J,2025-06-20 21:12:49
CLZRPV,08AHYV,2025-06-20 21:13:04
CLZQCR,,2025-06-20 21:13:06
CLZRQ4,77ZGXM,2025-06-20 21:13:08
CLZRQV,08AHYW,2025-06-20 21:13:21
CLZRK8,,2025-06-20 21:13:36
CLZRS8,143NEF,2025-06-20 21:13:37
CLZRSJ,7829TU,2025-06-20 21:13:39
CLZRSH,143NEH,2025-06-20 21:13:39
CLZRVH,77YCWT,2025-06-20 21:14:07
CLZRVF,77YTY6,2025-06-20 21:14:07
CLZRX3,143NEY,2025-06-20 21:14:33
CLZRYL,,2025-06-20 21:14:54
CLZRYP,143NEL,2025-06-20 21:14:55
CLZRK8,,2025-06-20 21:15:20
CLZS23,,2025-06-20 21:15:44
CLZS26,77YUJZ,2025-06-20 21:15:45
CLZS3M,77YXYJ,2025-06-20 21:16:02
CLZS8S,77ZX39,2025-06-20 21:17:11
CLZS8Y,MCGVOE,2025-06-20 21:17:13
CLZRFZ,HTOUJL,2025-06-20 21:17:31
CLZSC5,77YHNA,2025-06-20 21:17:38
CLZSF7,143NEP,2025-06-20 21:17:58
CLZSFK,,2025-06-20 21:18:01
CLZSFK,,2025-06-20 21:18:01
CLZSG0,782JJR,2025-06-20 21:18:06
CLZSJV,OPZVTT,2025-06-20 21:18:44
CLZSKW,77ZERA,2025-06-20 21:18:59
CLZSM2,77YU3C,2025-06-20 21:19:18
CLZPZQ,77X8AJ,2025-06-20 21:19:18
CLZSPG,MCPRZN,2025-06-20 21:19:45
CLZSQQ,MBXPXV,2025-06-20 21:20:05
CLZSVN,143NER,2025-06-20 21:21:01
CLZSW1,782RVO,2025-06-20 21:21:06
CLZSWD,7829KG,2025-06-20 21:21:09
CLZT25,782L4L,2025-06-20 21:22:18
CLZT8S,783OIQ,2025-06-20 21:23:36
CLV55H,74TRS8,2025-06-20 21:24:27
CLZTFW,143NF9,2025-06-20 21:24:41
CLYV6D,1359M5,2025-06-20 21:26:01
CLZTMR,,2025-06-20 21:26:02
CLZTMZ,784OPS,2025-06-20 21:26:04
CLZTPL,98H8C0,2025-06-20 21:26:29
CLZTSD,143NFE,2025-06-20 21:27:04
CLZTTT,143NFF,2025-06-20 21:27:20
CLZTXN,7844RN,2025-06-20 21:28:03
CLZV2R,143NFN,2025-06-20 21:29:19
CLZV2V,QJ1903,2025-06-20 21:29:19
CLZTN5,,2025-06-20 21:30:10
CLZTN5,,2025-06-20 21:31:28
CLZVFJ,785AU7,2025-06-20 21:31:40
CLZVK5,783KGX,2025-06-20 21:32:25
CLZVNB,143NG1,2025-06-20 21:33:01
CLZVPB,785BRW,2025-06-20 21:33:11
CLZVQ2,98H8E8,2025-06-20 21:33:20
CLZVR5,784HRC,2025-06-20 21:33:37
CLZVSP,98H8EA,2025-06-20 21:33:52
CLZLPR,77RDNV,2025-06-20 21:33:56
CLZVTJ,98H8EE,2025-06-20 21:34:03
CLZW2P,OPTKCI,2025-06-20 21:35:48
CLZW5X,143NGA,2025-06-20 21:36:37
CLZW6Y,OOFQZO,2025-06-20 21:36:58
CLZWDM,NC58KP,2025-06-20 21:38:11
CLZWDS,787F7E,2025-06-20 21:38:12
CLZWH0,785A3S,2025-06-20 21:38:41
CLZV69,782M48,2025-06-20 21:39:12
CLZWK1,786GRL,2025-06-20 21:39:15
CLZWM9,786LDW,2025-06-20 21:39:51
CLPYH2,,2025-06-20 21:40:06
CLZWRT,,2025-06-20 21:40:50
CLZWSR,787A5Z,2025-06-20 21:41:04
CLPYH2,,2025-06-20 21:41:19
CLZVLZ,MINEDH,2025-06-20 21:41:38
CLZMW8,08AHUU,2025-06-20 21:42:22
CLZWZ7,08AI2U,2025-06-20 21:42:23
CLZX2H,,2025-06-20 21:43:07
CLZX36,786O6H,2025-06-20 21:43:15
CLYGWB,,2025-06-20 21:43:26
CLZX5T,786TU7,2025-06-20 21:43:50
CLYGWB,,2025-06-20 21:44:16
CLZW9G,,2025-06-20 21:44:18
CLZX8H,143NGQ,2025-06-20 21:44:27
CLZWS6,,2025-06-20 21:44:39
CLZXGB,785U7A,2025-06-20 21:45:49
CLZXGY,FYAG3S,2025-06-20 21:45:55
CLZXH3,143NGU,2025-06-20 21:45:56
CLZXHQ,143NH0,2025-06-20 21:46:04
CLZ99D,77IH9D,2025-06-20 21:46:26
CLZXL6,98H8Y3,2025-06-20 21:46:43
CLZW9G,,2025-06-20 21:47:15
CLZXND,HSEDTI,2025-06-20 21:47:17
CLZXQ0,PSJJW6,2025-06-20 21:47:38
CLZWQT,,2025-06-20 21:48:14
CLZXW5,143NH9,2025-06-20 21:48:50
CLZWQT,,2025-06-20 21:49:58
CLZY2W,1420D7,2025-06-20 21:50:16
CLZW9G,,2025-06-20 21:51:02
CLZYD0,QAKLMX,2025-06-20 21:52:15
CLZYGD,IVSMJO,2025-06-20 21:52:57
CLZYJR,98H8K7,2025-06-20 21:53:35
CLZYKY,143NHY,2025-06-20 21:53:52
CLZYM6,787W6E,2025-06-20 21:54:11
CLZYRZ,143NHL,2025-06-20 21:55:20
CLZYSL,,2025-06-20 21:55:30
CLZYSL,,2025-06-20 21:55:30
CLZYW5,78A2VE,2025-06-20 21:56:12
CLZYW9,789V7B,2025-06-20 21:56:14
CLZW6W,,2025-06-20 21:57:07
CLZXDK,,2025-06-20 21:57:33
CLZZ76,DANEUS,2025-06-20 21:59:12
CLZZBX,BRBE5F,2025-06-20 22:00:06
CLZZDC,78BH8H,2025-06-20 22:00:25
CLZZFN,7893QA,2025-06-20 22:00:47
CLZZGW,78AEKY,2025-06-20 22:01:05
CLZZLQ,143NYB,2025-06-20 22:02:04
CLZZQ2,78AK7T,2025-06-20 22:02:46
CLZMXL,77TAR4,2025-06-20 22:03:02
CLZZR0,98H8N0,2025-06-20 22:03:02
CLZZTK,789Y4Z,2025-06-20 22:03:49
CLZZB1,HTDBQH,2025-06-20 22:04:16
CLZZW1,78ACYD,2025-06-20 22:04:19
CLZZW8,143NYY,2025-06-20 22:04:23
CLZZX9,WFCFWH,2025-06-20 22:04:37
CLZZXB,WHYXAO,2025-06-20 22:04:37
CLZZY6,143NYK,2025-06-20 22:04:50
CLZZYV,143NYM,2025-06-20 22:05:06
CM002L,AJPSPP,2025-06-20 22:06:01
CM00C1,78CBL6,2025-06-20 22:07:59
CM00DQ,AJREKO,2025-06-20 22:08:25
CM00FS,143NJ0,2025-06-20 22:08:42
CM00G0,98H8ZJ,2025-06-20 22:08:45
CM00GM,,2025-06-20 22:08:53
CM00GM,,2025-06-20 22:08:53
CM00GV,78BEUI,2025-06-20 22:08:56
CM00KX,143NJ3,2025-06-20 22:09:39
CM00MC,143NJ4,2025-06-20 22:09:59
CM00NY,143NJ5,2025-06-20 22:10:23
CM00PL,78CJT5,2025-06-20 22:10:37
CM00RC,98H8PC,2025-06-20 22:11:07
CM00TL,78CMDW,2025-06-20 22:11:32
CM00VR,78B788,2025-06-20 22:11:45
CM012Q,ONXYUD,2025-06-20 22:13:29
CM014K,,2025-06-20 22:14:02
CM016S,143NJE,2025-06-20 22:14:39
CM017P,143NJG,2025-06-20 22:14:55
CLZZDY,,2025-06-20 22:15:04
CM018N,78DMEY,2025-06-20 22:15:10
CM01B0,143NJY,2025-06-20 22:15:38
CLZZDY,,2025-06-20 22:15:50
CLZXDK,98H8HK,2025-06-20 22:16:14
CM01FZ,78E5UX,2025-06-20 22:16:41
CM01GH,MWU6PJ,2025-06-20 22:16:50
CM00YB,,2025-06-20 22:17:09
CM01KM,78EBPC,2025-06-20 22:17:37
CLZL03,,2025-06-20 22:19:42
CM01TR,78E3RT,2025-06-20 22:19:58
CM01TS,78DI6Z,2025-06-20 22:19:59
CM01V1,78EE46,2025-06-20 22:20:03
CM00YB,,2025-06-20 22:20:03
CM0206,08AI7O,2025-06-20 22:21:26
CM021R,143NK4,2025-06-20 22:21:52
CM0228,78DWE8,2025-06-20 22:22:02
CM025K,K676UF,2025-06-20 22:22:51
CM0272,WGJVGM,2025-06-20 22:23:17
CM027Z,143NK8,2025-06-20 22:23:33
CM028G,143NK9,2025-06-20 22:23:41
CM029Y,143NKA,2025-06-20 22:24:05
CM02BC,143NKB,2025-06-20 22:24:10
CM02D3,143NKE,2025-06-20 22:24:34
CM02KJ,GKSXTF,2025-06-20 22:26:02
CM02KK,143NKK,2025-06-20 22:26:03
CM02NK,143NKL,2025-06-20 22:26:54
CM02PF,78G7DG,2025-06-20 22:27:13
CM02V6,78FVZ4,2025-06-20 22:28:27
CM02WK,78GPZ6,2025-06-20 22:28:48
CM02Y1,78G7VH,2025-06-20 22:29:11
CM02YL,143NKT,2025-06-20 22:29:21
CM02ZT,78EWD4,2025-06-20 22:29:44
CM030H,143NKU,2025-06-20 22:29:55
CM033T,78FXS6,2025-06-20 22:30:47
CM038J,ND6014,2025-06-20 22:31:51
CM03CL,143NL4,2025-06-20 22:32:34
CM03DP,143NL5,2025-06-20 22:32:51
CM03KG,78FM5P,2025-06-20 22:34:19
CM03MQ,,2025-06-20 22:34:55
CM03NB,78GUMC,2025-06-20 22:35:09
CM03RD,143NL9,2025-06-20 22:36:07
CM01NJ,08AI77,2025-06-20 22:36:19
CM03TM,143NLC,2025-06-20 22:36:40
CLZWHG,,2025-06-20 22:39:42
CM047C,143NLY,2025-06-20 22:39:52
CM048T,78JGGS,2025-06-20 22:40:22
CLZWHG,,2025-06-20 22:40:59
CM04CG,78HWNG,2025-06-20 22:41:09
CM04CR,78HXJ6,2025-06-20 22:41:15
CM04FL,78IWUJ,2025-06-20 22:41:42
CM04FM,78HO8M,2025-06-20 22:41:42
CM04GH,143NLN,2025-06-20 22:42:02
CM04JS,78J3ZX,2025-06-20 22:42:34
CM04K2,,2025-06-20 22:42:35
CM04LW,143NLQ,2025-06-20 22:43:04
CM04MK,78I7UO,2025-06-20 22:43:12
CM04P9,78JH5O,2025-06-20 22:43:35
CM04DR,08AI96,2025-06-20 22:43:41
CM04V3,78KGV3,2025-06-20 22:44:44
CM04XC,143NM2,2025-06-20 22:45:26
CM04Y3,78IFZ5,2025-06-20 22:45:33
CM0517,78KBUB,2025-06-20 22:46:21
CM051Y,78ISQY,2025-06-20 22:46:34
CM0529,HUHNID,2025-06-20 22:46:39
CM054R,143NM5,2025-06-20 22:47:23
CM054Y,OONFLT,2025-06-20 22:47:26
CM05DB,78JAKZ,2025-06-20 22:49:19
CM05DM,78K4ER,2025-06-20 22:49:24
CM05FY,78L5KV,2025-06-20 22:49:42
CM05GX,ONTIHY,2025-06-20 22:50:01
CM05P7,78K25Z,2025-06-20 22:51:56
CLZKW1,77Q89G,2025-06-20 22:52:07
CM05QZ,78LGHD,2025-06-20 22:52:21
CM05WB,78KPOV,2025-06-20 22:53:44
CM062W,,2025-06-20 22:55:26
CM0630,143NMR,2025-06-20 22:55:28
CLXP27,,2025-06-20 22:56:06
CM066S,1887KS,2025-06-20 22:56:31
CM069D,78KQJN,2025-06-20 22:57:22
CM06CJ,78KXXR,2025-06-20 22:58:03
CM06CL,78LMX2,2025-06-20 22:58:04
CM06F0,78MD2Q,2025-06-20 22:58:26
CM06FJ,FHPKYW,2025-06-20 22:58:33
CM06G3,78MMEP,2025-06-20 22:58:45
CLXP27,,2025-06-20 22:58:55
CM06H1,08AIAG,2025-06-20 22:59:07
CM06L9,143NNA,2025-06-20 23:00:00
CM058N,,2025-06-20 23:01:51
CM06WF,78NQ55,2025-06-20 23:02:47
CM06WG,143NNG,2025-06-20 23:02:49
CM06PG,,2025-06-20 23:03:00
CM070H,78NFUO,2025-06-20 23:03:56
CM06GD,,2025-06-20 23:05:19
CM0712,,2025-06-20 23:05:51
CM078G,143NNL,2025-06-20 23:06:18
CM06GD,,2025-06-20 23:06:21
CM0793,QAQMPE,2025-06-20 23:06:27
CM06SL,,2025-06-20 23:06:32
CM0712,,2025-06-20 23:06:45
CM07DN,78NUY2,2025-06-20 23:07:31
CM07FG,78OTID,2025-06-20 23:07:43
CM06SL,,2025-06-20 23:07:44
CM075R,98H97S,2025-06-20 23:08:02
CM07LW,98H990,2025-06-20 23:09:17
CLGLNX,,2025-06-20 23:09:20
CM07MZ,143NZ3,2025-06-20 23:09:40
CM07PJ,143NZ4,2025-06-20 23:10:05
CM075K,,2025-06-20 23:10:32
CM07RC,78OOJB,2025-06-20 23:10:35
CM07WQ,78PIAV,2025-06-20 23:12:14
CM07MP,,2025-06-20 23:12:19
CM075K,,2025-06-20 23:13:07
CM080S,143NZA,2025-06-20 23:13:31
CLZVR5,784HRC,2025-06-20 23:13:46
CM07TY,,2025-06-20 23:14:01
CM0832,78PFFX,2025-06-20 23:14:09
CM083L,QG2DGL,2025-06-20 23:14:19
CM07P6,,2025-06-20 23:14:38
CM07T9,,2025-06-20 23:14:54
CM085Q,78OONE,2025-06-20 23:14:59
CM085W,143NZD,2025-06-20 23:15:03
CM0872,78OPWT,2025-06-20 23:15:24
CM087P,78QB9R,2025-06-20 23:15:39
CM0881,78QNA2,2025-06-20 23:15:47
CM088Z,78QW2L,2025-06-20 23:16:05
CM08BW,78PUQH,2025-06-20 23:16:36
CM08CC,143NZN,2025-06-20 23:16:42
CM08CH,78ONZZ,2025-06-20 23:16:43
CM08D5,78QH92,2025-06-20 23:16:55
CM082M,,2025-06-20 23:17:34
CM07XG,,2025-06-20 23:17:38
CM07XG,,2025-06-20 23:17:39
CM08GC,78OK5Z,2025-06-20 23:17:39
CM07TY,,2025-06-20 23:17:41
CLZTDG,08AI0A,2025-06-20 23:17:42
CM08HD,143NZP,2025-06-20 23:17:56
CL0SF5,,2025-06-20 23:18:08
CM06VL,78NKV8,2025-06-20 23:18:11
CM08J8,143NZQ,2025-06-20 23:18:12
CM0885,,2025-06-20 23:18:15
CM081C,,2025-06-20 23:18:19
CM08JW,78PYXL,2025-06-20 23:18:23
CM08JX,143NZS,2025-06-20 23:18:24
CM0898,,2025-06-20 23:19:01
CM081C,,2025-06-20 23:19:06
CM082M,,2025-06-20 23:19:30
CL0SF5,JIRLED,2025-06-20 23:19:47
CM08W3,143NPC,2025-06-20 23:21:42
CLGLNX,HKTHEC,2025-06-20 23:22:06
CM08S4,,2025-06-20 23:22:29
CM08RY,78QKIP,2025-06-20 23:22:49
CM090C,78R9GK,2025-06-20 23:23:04
CM090S,78QPI7,2025-06-20 23:23:10
CM0913,143NPY,2025-06-20 23:23:16
CM08S4,,2025-06-20 23:23:19
CM05BD,78IXBH,2025-06-20 23:23:44
CM0929,78RRQF,2025-06-20 23:25:01
CM098M,78SCY3,2025-06-20 23:25:27
CLH23L,98G81R,2025-06-20 23:25:38
CM09CY,DLDK22,2025-06-20 23:26:23
CM08FP,78PB43,2025-06-20 23:26:24
CM09J7,143NPP,2025-06-20 23:27:45
CM09JJ,78SQUY,2025-06-20 23:27:53
CM09KT,78R8CN,2025-06-20 23:28:13
CM09LF,78RUO8,2025-06-20 23:28:23
CM09M7,78SZ3H,2025-06-20 23:28:39
CM08X1,,2025-06-20 23:29:03
CM09QK,NVLEQF,2025-06-20 23:29:42
CLZLK1,08AHTF,2025-06-20 23:29:49
CM09TR,78RPWH,2025-06-20 23:30:38
CM09V4,143NPT,2025-06-20 23:30:48
CLZXS5,,2025-06-20 23:31:28
CM09L2,,2025-06-20 23:31:45
CM09K0,,2025-06-20 23:32:04
CLQ07Z,CLQ07Z,2025-06-20 23:32:11
CM099P,,2025-06-20 23:32:25
CM07MM,78NYRP,2025-06-20 23:32:42
CM0B55,78SRAV,2025-06-20 23:33:57
CM0B5V,78TQU9,2025-06-20 23:34:14
CM08VY,,2025-06-20 23:34:33
CLZX6P,,2025-06-20 23:35:07
CLZX6P,,2025-06-20 23:35:08
CLZN2H,08AHV5,2025-06-20 23:35:25
CM0BDY,PSK8V6,2025-06-20 23:36:26
CM0BF3,143NQD,2025-06-20 23:36:28
CM0BHJ,78SSJO,2025-06-20 23:37:07
CM0BK1,78TMZW,2025-06-20 23:37:37
CM0BDT,,2025-06-20 23:38:24
CM0BL2,,2025-06-20 23:39:47
CM0BVH,143NQM,2025-06-20 23:40:39
CM0BFC,,2025-06-20 23:40:47
CM0BWB,143NQN,2025-06-20 23:40:57
CM0C8Q,78UY3Z,2025-06-20 23:44:38
CM0CBK,78V3UI,2025-06-20 23:45:13
CM0CH8,78V4EU,2025-06-20 23:46:41
CLYKLN,OFJZPQ,2025-06-20 23:46:53
CM0CDL,,2025-06-20 23:48:53
CM0CRH,143NR8,2025-06-20 23:49:17
CM0CRC,IJNQQS,2025-06-20 23:49:17
CM0CSW,143NRA,2025-06-20 23:49:43
CM0CWD,78XT4A,2025-06-20 23:50:28
CM0CDL,,2025-06-20 23:50:32
CM0CWP,98H9G6,2025-06-20 23:50:32
CM0CYK,143NRC,2025-06-20 23:51:01
CM0CZ9,143NRD,2025-06-20 23:51:20
CM0CDL,,2025-06-20 23:51:24
CM0D0N,143NRE,2025-06-20 23:51:45
CM0D27,78VZGB,2025-06-20 23:52:22
CM0D33,78W7AB,2025-06-20 23:52:35
CM0CDL,,2025-06-20 23:52:55
CM0D03,,2025-06-20 23:54:43
CM0DCC,78YKQH,2025-06-20 23:55:22
CM0DD7,78X3UU,2025-06-20 23:55:34
CM0D03,,2025-06-20 23:55:34
CM0DG4,78WLJH,2025-06-20 23:56:12
CM0D4P,,2025-06-20 23:56:34
CM0DKD,78XJHV,2025-06-20 23:57:20
CM0DLM,78Y7MA,2025-06-20 23:57:46
CM0D4P,,2025-06-20 23:57:55
CM0DRJ,78XIWL,2025-06-20 23:59:16
CM0DS7,143NRM,2025-06-20 23:59:31
